accX[mg],accY[mg],accZ[mg],gyroX[mdps],gyroY[mdps],gyroZ[mdps]
7,-883.7503,-6816.2524
-852.4888,-248.9170,228.5499,-39576.2617,-6685.0029,1295.0004
-532.2262,-33.6605,152.8138,-99960.0312,-23065.0078,80132.5234
-674.8565,1040.3046,-61.1011,-144672.5625,-19477.5078,275668.8437
-1121.4677,592.3517,-256.6613,-28157.5097,19215.0078,286685.1250
-992.4970,445.5748,-354.5329,136727.5468,170773.8125,278407.5937
-860.6600,-154.1553,-78.6022,45552.5156,51782.5195,-34711.2617
-843.0370,-161.2899,-46.1612,44905.0156,52946.2695,-31867.5136
-790.1681,-231.5379,-59.0278,23607.5078,43872.5156,-18235.0058
-56.8936,-23.7819,213.3051,-14446.2548,-23957.5078,29260.0117
-214.8296,870.7825,348.9228,-25681.2578,-175306.3125,234150.0937
-1161.4703,1201.8995,585.8879,53357.5195,-249576.3593,286685.1250
-1571.4332,914.7485,1122.2606,56446.2734,-252043.8281,286685.1250
-911.3337,211.7806,115.2506,-87710.0312,-116445.0390,119857.5390
-473.4423,-8.6590,40.1243,10648.7539,58660.0234,-57995.0195
-473.4423,-8.6590,40.7341,10648.7539,58660.0234,-57995.0195
-462.8319,-254.8929,-152.9967,-18348.7558,34020.0117,-11348.7548
-276.4796,-48.9053,86.9563,-28726.2597,-14402.5058,61180.0273
-295.2611,73.8458,8.5981,-30126.2617,-133070.0468,220325.0937
-819.0722,749.3120,214.4638,-29636.2597,-229311.3437,286685.1250
-1387.7030,1728.6984,939.0792,-17692.5058,-268835.0937,286685.1250
-548.3857,-139.3984,-119.1533,3290.0012,41588.7656,-47013.7656
-545.4587,-74.3336,-108.5429,14288.7548,36093.7617,-36793.7617
-276.6625,-114.0920,-73.2970,-52202.5156,-16178.7568,52001.2695
13.5374,204.9510,165.7414,26906.2617,-93073.7890,148907.5468
-686.9913,1081.5264,309.9571,-3412.5012,-198581.3281,286685.1250
-1615.2770,1232.6939,791.1437,24325.0097,-258037.5937,286685.1250
-1277.3305,1193.5454,884.6859,-47617.5195,-235182.5937,286685.1250
-512.7128,-241.2336,-43.6611,-17421.2558,23607.5078,-13317.5039
-503.7490,-266.1131,-82.3219,-22295.0078,20300.0078,-7428.7519
-460.0878,-331.4828,-63.3574,-13133.7539,201.2501,12250.0039
-402.0967,79.5778,3.9636,-33416.2617,-58642.5234,97667.5312
-506.2491,255.8076,241.5385,-69571.2734,-148181.3125,218925.0781
-1067.3183,1301.4174,664.4901,27825.0097,-237510.0781,286685.1250
-1611.8624,1136.7126,655.5261,57653.7695,-286685.1250,286685.1250
-827.2434,902.7966,380.8759,-22671.2597,-201670.0781,286685.1250
-655.8920,851.0863,755.4099,4200.0014,-14533.7548,10631.2529
-346.6056,79.1510,106.9575,-19110.0078,52911.2695,-71741.2734
-375.4487,47.6857,61.5890,-28577.5097,45508.7695,-55938.7695
-586.7416,-296.7247,-5.8540,8128.7529,7542.5029,13860.0048
-676.8078,-371.4241,-267.2717,-962.5004,-15715.0058,27938.7597
-274.5283,-161.5948,-178.4860,-26433.7597,-40162.5156,61495.0156
-238.0017,759.3736,478.1377,-27177.5097,-102401.2890,199955.0625
-717.4809,1225.9251,616.8043,-33267.5117,-212388.8281,286685.1250
-1470.5126,1502.6485,829.1948,34790.0117,-251221.3281,286685.1250
-1013.9617,986.7040,589.3027,10211.2539,-165278.8125,286685.1250
-403.0114,147.6306,178.4860,-21227.5078,52850.0195,-81646.2812
-377.2781,95.8593,101.1035,-44327.5156,44406.2656,-65152.5234
-507.9565,-244.5265,-42.5025,30310.0097,11935.0039,2108.7507
-894.1375,-274.1624,-116.2873,-2152.5007,-8942.5029,15662.5058
-1003.1074,-191.4746,-106.5306,-20693.7578,-12932.5048,19827.5078
-302.6396,-60.1255,8.7200,-25532.5097,-40048.7656,61398.7734
-250.3195,636.1958,306.7862,-21420.0078,-143815.0468,241193.8281
-1057.9276,1224.5228,699.1872,-332.5001,-231892.5781,286685.1250
-1281.4772,1252.0853,767.6058,9913.7539,-249742.5937,286685.1250
-705.5291,742.4214,226.5986,-38351.2617,-161525.0625,270663.8437
-476.3693,-196.2920,-64.7599,-5600.0019,4427.5014,20685.0078
-421.4270,-176.4127,-56.4057,-10972.5039,-2152.5007,27160.0097
-374.5341,67.2600,-27.0748,-37231.2656,-66053.7812,102305.0390
-730.5914,376.8513,204.0973,-14315.0048,-140883.7968,189367.5781
-898.0402,1098.6005,498.3828,-39322.5117,-178080.0625,264320.1250
-1004.6318,981.4598,676.4420,90195.0312,-215687.5781,286685.1250
-580.2778,846.6348,668.2097,61460.0195,-181676.3125,286685.1250
-424.1101,883.8931,380.3271,-66815.0234,-100572.5390,156616.3125
-521.1280,-107.6282,-14.7570,-8758.7529,12416.2548,-12425.0048
-521.1280,-107.6282,-14.7570,-19547.5078,12416.2548,-12425.0048
-329.8364,-247.5144,-44.8807,-5180.0019,-8968.7529,29181.2597
-281.4798,481.5526,46.8930,-45605.0156,-48632.5195,108106.2890
-1012.1932,1273.4279,842.0004,-56096.2734,-172926.2968,286685.1250
-1533.1383,1004.1440,557.0447,44616.2617,-253505.1093,286685.1250
-1056.5860,1096.6494,502.9562,-630.0003,-255753.8437,286685.1250
-486.1260,854.7451,210.6830,-35717.5156,-121616.2890,184135.0625
-464.6003,89.2125,19.2084,10578.7539,56323.7695,-68442.5234
-464.6003,89.2125,19.2084,10097.5039,50391.2695,-68442.5234
-394.0474,-187.4500,-84.7001,-21735.0078,17281.2558,-6203.7519
-330.5071,-392.4010,-191.0477,560.0003,-25768.7597,60138.7734
-440.2086,25.7332,47.5028,-13212.5048,-61223.7773,97545.0312
-666.3804,622.7193,385.2664,-3561.2512,-108368.7890,204426.3281
-1241.7796,875.2341,641.0740,58878.7734,-194425.0781,286685.1250
-1272.6962,1027.6209,470.8812,38902.5117,-237711.3281,286685.1250
-907.3700,992.6799,785.4727,-49070.0156,-224262.5781,286685.1250
-616.0115,687.3572,283.4312,29391.2617,-112490.0390,148400.0468
-515.7619,262.7593,131.1052,-33215.0156,91367.5390,-155233.8125
-515.7619,262.7593,131.1052,-33215.0156,91367.5390,-155233.8125
-466.0638,-253.9173,-13.2935,29636.2597,56393.7695,-56595.0234
-430.2691,-434.7814,-172.5711,12127.5048,32873.7656,-38447.5156
-348.4960,137.0812,70.4919,-1846.2506,-32462.5117,71382.5234
-618.2069,141.8985,234.1600,-22872.5097,-129631.3046,211400.0781
-858.5867,336.3001,157.6921,-7542.5029,-189927.5625,274723.8750
-847.0007,906.1504,277.1503,77166.2812,-200252.5781,286685.1250
-668.5146,1228.7303,617.4141,48685.0195,-160973.8125,286685.1250
-701.4434,1131.8953,984.3867,41081.2656,-136613.7968,279790.1250
-317.1527,253.3075,219.8299,-18602.5078,68643.7734,-98245.0312
-305.3837,253.3075,219.8299,-60541.2773,56831.2695,-78093.7734
-275.3210,-156.0457,-24.0258,35743.7617,-9817.5039,30782.5136
-403.3772,-316.1770,-106.7745,4996.2519,-50636.2695,68092.5234
-347.3374,174.7053,92.0176,1986.2507,-72861.2734,80526.2812
-508.0175,1000.3023,487.5894,-21463.7578,-134706.2968,227158.8281
-1046.5244,1524.9060,844.9274,21385.0078,-217253.8281,286685.1250
-1192.3867,1563.6278,884.1370,14901.2548,-209965.0781,286685.1250
-423.4394,307.8839,167.7537,-4891.2519,77892.5312,-136745.0468
-383.1321,226.2937,150.8625,-3106.2512,69746.2734,-118623.7890
-337.1539,-123.7877,39.3925,-5092.5019,20448.7578,-25620.0097
-227.5743,-143.7279,-186.4743,-34895.0117,-49393.7695,76746.2734
-337.8246,-24.2697,-178.6080,-3150.0012,-95593.7890,139991.2968
-416.8536,773.9477,304.9568,28367.5097,-131302.5468,232312.5781
-725.7131,1478.8669,902.7966,-1172.5004,-185438.8125,286685.1250
-1052.8054,1552.0418,1062.8669,146002.5625,-203411.3125,286685.1250
-994.0824,1013.2299,237.0260,52.5000,-141855.0468,284313.8750
-459.9659,83.1756,-19.2084,15627.5039,48020.0195,-111072.5390
-459.9659,83.1756,-19.2084,15627.5039,48020.0195,-111072.5390
-167.8147,-37.1973,-96.7130,-54451.2695,-11751.2539,26031.2597
-233.7332,156.9604,118.5435,-25847.5078,-122158.7812,184336.3125
-691.9916,879.6855,532.8970,-43487.5156,-178631.3125,233721.3437
-1197.5699,1147.7500,837.6710,78312.5234,-244308.8593,286685.1250
-975.4227,551.9226,594.9129,9598.7539,-232146.3281,286685.1250
-543.3245,996.6435,707.9072,39103.7656,-163423.8125,233773.8281
-516.0667,-277.0893,-201.1093,-55028.7695,-1426.2504,5285.0019
-516.0667,-277.0893,-201.1093,-55028.7695,-1426.2504,5285.0019
-390.5106,197.2676,143.2401,-55177.5195,-32025.0136,59745.0195
-288.2485,167.7537,305.0178,-14271.2548,-103346.2812,178185.0625
-669.0634,912.5532,375.2048,-13728.7548,-205948.8125,286685.1250
-1368.9824,1808.3981,1184.5205,40862.5156,-286623.8437,286685.1250
-969.0200,797.4246,621.5607,262.5001,-237177.5937,286685.1250
-202.0850,-57.5034,-8.1102,-11926.2539,-6947.5029,6090.0019
-209.9513,-135.3128,-8.1102,-7201.2529,-13352.5048,18987.5058
-162.7534,13.8423,74.0897,-38377.5117,-60173.7773,104632.5390
-466.6126,402.2186,216.4151,-33320.0117,-139195.0625,217455.0781
-765.1666,634.7322,223.8545,22645.0078,-214768.8281,286685.1250
-1112.1381,1778.0916,857.9159,84551.2812,-257083.8593,286685.1250
-762.9713,1069.6966,938.4695,27790.0117,-200541.3125,286685.1250
-391.2424,-55.9789,-36.0997,-2135.0007,66718.7734,-115307.5390
-391.2424,-55.9789,-36.0997,-2135.0007,66718.7734,-115307.5390
-402.5845,-149.4599,-75.6142,-10753.7539,39025.0156,-49568.7656
-29.9408,-33.6605,-21.3427,-42463.7656,-41090.0117,56918.7656
-256.1735,53.1129,0.7318,11698.7539,-143902.5625,171998.8125
-790.2291,1018.8400,307.5180,45333.7695,-192946.3125,266253.8437
-1343.0662,1386.1785,661.5630,44467.5195,-217735.0781,286685.1250
-1004.9368,1384.5321,999.1437,96320.0312,-147350.0625,286685.1250
-853.0375,1202.2652,768.7645,57750.0234,-147000.0625,286685.1250
-638.3909,596.1324,332.0316,-4375.0014,116243.7968,-285337.5937
-638.3909,596.1324,332.0316,-4375.0014,116243.7968,-285337.5937
-345.0202,-91.2858,-15.9156,97903.7890,89783.7890,-174921.3125
-85.3099,47.1369,-89.9443,-54923.7695,21210.0078,-11602.5048
-30.3676,-408.4385,-30.6725,-14673.7548,-61547.5273,132492.5468
-305.3227,109.6405,-3.1709,18917.5058,-131355.0468,203183.8125
-866.0262,893.2838,166.5951,-1697.5006,-201127.5781,286685.1250
-1182.2641,1340.1392,718.7615,-3981.2517,-194241.3281,286685.1250
-992.6189,1224.9495,838.2197,54005.0195,-175673.7968,286685.1250
-757.9101,927.8591,444.0504,13457.5058,-118571.2968,250092.5781
-715.7735,1070.7943,595.8884,17272.5058,-1102.5003,-15128.7568
-605.0354,638.2689,278.3089,-14848.7548,121957.5390,-217175.0781
-541.9829,662.7216,296.8466,-45771.2656,112813.7890,-192447.5781
-14.6960,-2.4392,-24.2697,6658.7519,26390.0097,-6265.0024
-113.2993,-603.5109,-325.2629,15172.5058,-6431.2519,23231.2578
-216.3541,170.7417,-39.0876,6090.0019,-13387.5048,13930.0048
-778.1552,887.3080,414.4145,52727.5195,-123908.8046,251641.3437
-1273.4279,957.7999,463.3807,-446.2502,-206088.8281,286685.1250
-1187.8133,1307.3325,707.4804,726.2503,-203288.8281,286685.1250
-736.9332,1019.3278,412.6461,90755.0312,-164535.0625,286685.1250
-387.8275,50.6127,-94.4567,218.7501,64128.7734,-87692.5312
-372.1559,6.9516,-130.3735,25838.7578,59998.7734,-79038.7812
-396.6695,-649.0014,-347.3983,23257.5078,54678.7734,-73736.2734
-361.0577,210.2562,-15.2448,23327.5097,31482.5117,-55273.7695
-498.0779,321.2383,190.4989,5985.0019,-100283.7812,202492.5781
-810.5961,301.0542,72.3213,-24158.7578,-162496.2968,272562.5937
-1074.6968,1169.5804,551.8615,16073.7568,-162785.0625,286685.1250
-864.6845,1148.6646,812.6084,10797.5039,-158900.0468,286685.1250
-683.8204,1028.3526,571.9846,27685.0097,-171963.8125,286685.1250
-409.7191,304.1032,167.9976,-48886.2656,71715.0234,-149476.3125
-381.0588,269.6499,48.6614,-54451.2695,62370.0234,-128520.0390
-85.5538,-64.1501,79.0290,-12215.0048,5923.7519,332.5001
39.0267,-126.9586,-14.0862,26241.2597,-74147.5312,105052.5390
-250.3195,478.5035,207.6950,-29951.2617,-173600.0625,227640.0781
-1066.6477,1496.0628,634.7322,-42122.5156,-255613.8593,286685.1250
-1449.8408,1464.9636,766.9960,129491.2968,-261721.3281,286685.1250
-377.5220,243.7337,61.6499,28087.5097,38430.0156,-73972.5234
-379.5344,243.7337,61.6499,27623.7617,32637.5117,-56665.0195
-320.5675,-10.0006,-33.9654,-33923.7617,2222.5007,30738.7578
-247.9413,321.8481,413.3778,-32830.0078,-72362.5312,156922.5468
-605.4013,390.8765,170.4368,23257.5078,-205126.3281,286685.1250
-918.1025,1438.6206,775.8380,-15916.2558,-283290.0937,286685.1250
-1192.5695,1322.3942,1202.3872,16782.5058,-286685.1250,286685.1250
-365.0823,58.0522,25.5503,-24298.7578,28210.0117,-6886.2524
-332.3365,52.6860,-11.4031,-21157.5078,19468.7578,7752.5034
-212.8173,17.8669,83.6634,-13256.2548,-31937.5117,83518.7812
-400.8161,268.5523,206.8413,-63385.0273,-125545.0468,193392.5781
-813.4621,853.9523,436.7328,24578.7597,-241456.3437,286685.1250
-1125.6755,1147.9937,376.2415,71216.2734,-286055.0937,286685.1250
-519.6035,1014.8153,812.7304,2301.2507,-168568.7968,286685.1250
-177.3274,211.2318,45.3685,-2563.7509,39033.7617,-61722.5234
-149.7648,119.5192,46.6491,-3430.0012,30336.2617,-40932.5117
-142.2644,-115.0067,-78.2363,-24045.0097,-21218.7578,60313.7695
-366.9726,228.1231,173.3028,-25278.7597,-98700.0390,177091.3281
-874.1975,822.9749,304.1641,9047.5029,-192710.0781,286685.1250
-1276.9036,1529.1746,606.1330,-58852.5234,-255185.0937,286685.1250
-867.4898,1017.4375,616.9263,55335.0195,-201355.0625,286685.1250
-167.7537,798.4613,278.8578,-2800.0009,-121423.7890,285145.1250
-195.6822,1182.6301,571.2529,52307.5195,-7612.5029,65948.7734
-417.5244,188.6696,78.9680,12153.7548,55623.7695,-83650.0234
-417.5244,188.6696,78.9680,12153.7548,55623.7695,-83650.0234
-224.3423,79.4559,90.9199,-42988.7656,-2012.5008,54285.0195
-254.9539,-205.0120,-149.2770,-13658.7548,-59333.7734,151410.0468
-315.8111,430.9398,109.7015,-42700.0156,-86966.2812,164893.8125
-1005.9124,1543.5046,634.6712,-9450.0029,-166145.0625,286685.1250
-1167.2631,1567.8964,686.1986,68906.2734,-178228.8125,286685.1250
-841.5736,1310.0153,504.5416,71898.7734,-153868.8125,286685.1250
-209.5244,759.7395,244.4655,-1986.2507,-71277.5312,228182.5781
-193.7918,879.3197,300.1395,43102.5156,17920.0078,-53130.0195
-282.5775,1298.8563,612.2919,-58345.0195,44878.7656,-225303.8281
-211.0489,-194.9504,-196.7188,-31928.7597,-26871.2597,51301.2695
-188.7305,-226.1108,-181.4130,-31928.7597,-30616.2617,59535.0234
-308.3107,204.1583,-171.4734,-18698.7558,-49743.7656,105857.5312
-907.0042,647.5988,374.4731,16222.5058,-121406.2890,257188.8437
-1368.3116,1064.9401,747.4218,26057.5097,-172970.0625,286685.1250
-1130.9196,1016.8277,563.2036,76265.0234,-195938.8281,286685.1250
-558.9960,842.9151,484.5405,3351.2509,-164500.0625,286685.1250
-298.6150,1195.9846,664.3681,953.7504,-123453.7890,217280.0781
-190.8038,236.7821,17.1961,12346.2548,50872.5195,-101771.2890
-130.3735,265.1375,43.2342,9817.5039,39637.5156,-78163.7812
70.4309,142.8132,48.0516,-54363.7695,-42831.2656,77463.7812
-181.5350,184.2181,27.9285,13256.2548,-117197.5390,194556.3281
-738.2749,589.5466,234.5869,-27081.2617,-191852.5781,286685.1250
-1327.2116,1297.8197,711.5049,54171.2734,-212563.8281,286685.1250
-1059.0251,1168.3608,675.8931,54276.2695,-189682.5781,286685.1250
-486.7357,876.9415,501.3707,5600.0019,-138582.5468,253907.5937
-391.3644,605.8890,71.4676,21078.7578,-21726.2578,37563.7617
-392.7059,49.2712,-32.9897,-3885.0009,48186.2695,-77166.2812
-408.0116,-50.1859,-68.9065,-19643.7578,42866.2617,-65537.5234
-243.4898,51.5274,-0.4269,15627.5039,-551.2502,9327.5029
-250.6244,63.4183,-57.6863,-7078.7524,-61678.7773,96083.7812
-479.7841,519.2986,176.2298,-15006.2558,-124950.0390,186733.8125
-996.9485,1115.3092,642.2326,27597.5117,-188492.5625,286685.1250
-1149.3354,1308.0642,653.3309,84778.7812,-220578.8281,286685.1250
-730.5305,1136.9565,866.6969,-12320.0039,-183977.5625,286685.1250
-216.6590,184.1571,29.9408,-21280.0078,54057.5195,-90002.5390
-171.4734,161.4118,-8.3541,-24508.7597,43968.7695,-69842.5312
-56.8936,-14.0862,0.1829,-15382.5068,-15347.5058,44213.7656
-175.0712,227.5743,149.3380,-51905.0195,-80675.0312,138320.0625
-641.8668,671.5636,378.4367,4182.5014,-166591.2968,251763.8437
-1114.8823,1150.6770,719.8590,36356.2617,-232793.8281,286685.1250
-1014.6934,1123.0533,725.2253,113137.5390,-229591.3437,286685.1250
-739.3724,989.6919,353.8012,51625.0195,-144130.0468,265195.0937
-685.8937,1143.1765,671.8075,-37616.2617,-20667.5078,16038.7548
-87.5661,141.2887,52.0762,-33696.2578,-33285.0117,63700.0273
-114.4579,118.6045,41.5878,-26118.7597,-46786.2656,85706.2734
-353.2524,159.7044,88.7857,-13615.0048,-121038.7968,198712.5781
-697.1749,361.4845,271.0524,4655.0019,-178683.8125,271293.8437
-944.8113,1080.9779,407.7677,50260.0156,-211566.3281,286685.1250
-894.6254,1419.3511,777.7283,58187.5234,-219047.5781,286685.1250
-679.9787,1380.9953,954.1411,-19521.2558,-185631.3125,286685.1250
-481.9794,364.1676,247.7584,27728.7597,-142100.0468,194197.5625
-537.5924,464.6613,380.6930,5818.7519,-152915.0625,208118.8281
-1192.7525,658.8190,334.2268,89827.5312,-194320.0625,257810.0937
-1299.4050,998.1071,652.2332,-1723.7506,-202545.0781,286685.1250
-879.9295,1112.5039,840.6589,37126.2617,-191913.8281,286685.1250
-477.7718,1110.9794,483.3209,6763.7524,-179900.0781,253015.1093
-261.2348,650.6478,469.2957,54906.2734,-96862.5390,161428.8125
-438.1963,-126.0439,-127.8733,-10797.5039,8006.2534,-19258.7578
-442.1600,-87.5051,-79.6388,-15671.2568,5355.0019,-12153.7548
-438.1963,-101.7742,-293.1878,-2913.7509,-24963.7578,52412.5195
-504.4807,370.9973,14.3911,-19302.5078,-51782.5195,129701.2968
-1124.4559,979.6304,441.9770,-29277.5117,-152066.2968,286685.1250
-1609.4842,1281.8430,779.3748,14953.7548,-251028.8593,286685.1250
-1216.4125,1355.2011,685.0400,-34308.7617,-266148.8437,286685.1250
-697.0529,64.0891,10.9763,9520.0039,70227.5234,-134732.5468
-647.2329,42.0146,30.7335,-4480.0019,66806.2734,-127513.7890
-561.9230,-26.8918,-64.2111,-51205.0234,47302.5156,-78478.7734
-287.9436,-64.6379,15.1228,-18480.0058,-19775.0058,27483.7597
-265.9302,-34.6362,-104.2744,-12652.5048,-75661.2812,95278.7812
-485.0284,530.0919,96.1032,-16992.5058,-157386.2968,206788.8281
-1210.9853,1304.3444,970.9104,34256.2617,-240240.0781,286685.1250
-1317.4549,1337.6999,1074.3310,57286.2734,-261493.8281,286685.1250
-787.0582,513.8715,606.6207,29400.0097,-220885.0781,286501.3437
-232.0258,-82.4438,-27.3796,-30581.2578,23091.2597,-24421.2597
-184.8888,-104.3354,-57.1985,-38963.7656,16152.5048,-10543.7529
-205.1949,-104.2134,-7.8053,-12171.2548,-24456.2578,57365.0234
-370.0826,45.3685,-10.7933,-31823.7617,-99575.0390,150237.5468
-893.8328,757.7882,512.4080,-49218.7695,-173941.3125,245551.3437
-1408.6188,1187.6912,711.3830,83711.2812,-254905.1093,286685.1250
-1392.8253,1125.7364,768.5814,6807.5024,-284900.1250,286685.1250
-540.0925,61.6499,-7.8053,-122.5000,77568.7812,-114493.7890
-540.0925,61.6499,-7.8053,-122.5000,77568.7812,-114493.7890
-393.8645,-90.8590,-122.2632,2406.2509,46725.0156,-56761.2734
-325.6897,-26.8308,2.1953,-23555.0097,4445.0014,13798.7558
-390.8765,183.3644,106.1038,16310.0058,-48317.5156,91997.5312
-770.9597,636.2567,323.6774,-60777.5195,-156336.3125,230125.0937
-1306.6617,1096.4055,745.0435,-665.0003,-241185.0781,286685.1250
-1072.3797,826.5726,684.8571,71023.7734,-270558.8750,286685.1250
-271.4793,-146.8378,-189.4623,-42428.7656,6553.7524,-9030.0029
-271.4793,-146.8378,-189.4623,-42428.7656,6553.7524,-9030.0029
-362.0943,5.9150,69.8821,-20230.0058,-36723.7617,52928.7656
-473.6253,48.1735,60.6133,1470.0004,-88025.0312,119577.5468
-824.4384,510.0908,182.5716,4593.7519,-158060.0625,208591.3281
-1297.7586,1453.4995,886.5151,-4007.5014,-213036.3125,286685.1250
-1579.5434,1082.0754,887.2470,80526.2812,-256138.8281,286685.1250
-409.9020,-447.1603,-230.4403,-437.5002,21332.5078,-36443.7617
-403.9260,-402.4016,-218.4884,8933.7529,22417.5097,-40188.7656
-691.8087,36.5265,12.1958,-21000.0058,-4908.7519,5363.7519
-535.3972,-12.6837,-75.3093,-15846.2568,-77061.2734,130628.7968
-702.1751,256.1125,268.1254,21017.5097,-122867.5390,203770.0625
-1172.1416,770.7767,375.8146,40267.5156,-202002.5625,286685.1250
-1153.2990,1064.0864,759.2516,3666.2514,-199281.3281,286685.1250
-874.9902,1323.5528,932.0057,28175.0097,-205187.5781,286685.1250
-486.1869,745.0435,524.9087,10395.0039,-177178.8125,263795.0937
-663.8803,351.5449,155.9847,15190.0048,96048.7890,-186033.8125
-606.9867,335.5684,216.8419,-3893.7514,87815.0312,-170493.8125
-500.7609,-120.0680,-106.7745,13116.2548,52158.7695,-100493.7890
-311.5426,-14.8179,-55.8569,-19512.5078,4856.2519,-18243.7578
-379.4124,67.9308,39.0267,-7481.2534,-56008.7695,83483.7812
-729.9207,218.1225,88.9076,13938.7558,-126420.0468,190680.0781
-1136.5906,563.3865,374.0462,30283.7617,-169058.8125,273183.8750
-1169.2145,520.2743,728.8231,62895.0195,-161857.5625,274942.5937
-882.1247,900.1746,561.7401,-18532.5078,-153553.8125,185657.5781
-636.6835,872.5510,859.5015,-43190.0156,-147113.8125,151943.7968
-402.7674,714.2490,518.2010,31508.7597,-112936.2890,88182.5312
-344.9592,857.5501,738.2139,-20956.2578,-38088.7656,16240.0048
-273.1867,854.9280,816.9990,-24911.2597,19083.7578,-51992.5195
162.3875,-171.2295,-14.2691,-33433.7617,-66500.0234,86170.0312
190.4989,-72.0164,37.9290,-31307.5117,-79738.7812,103162.5390
-151.5942,779.9235,366.5458,-57312.5195,-188658.8125,253715.0937
-1397.6425,1466.3660,710.1024,83238.7812,-286685.1250,286685.1250
-1425.9368,1122.1997,1050.3660,90142.5312,-281041.3437,286685.1250
-802.4859,885.1126,451.4288,-6352.5019,-113172.5468,197968.8281
-982.3745,1268.0007,1026.5233,-18978.7558,40381.2656,-100030.0390
-66.4063,-321.7261,71.5895,-20711.2578,-27580.0097,60996.2695
-66.4063,-321.7261,71.5895,-20711.2578,-27580.0097,60996.2695
-330.3852,352.9474,155.9237,-12880.0039,-142073.8125,196411.3125
-1146.4083,864.6237,430.0251,-46655.0195,-278958.8437,286685.1250
-1201.4726,1287.6971,712.0538,107222.5312,-286676.3437,286685.1250
-654.8553,859.8063,623.5730,42568.7656,-216230.0781,286685.1250
-584.4854,713.3953,843.4028,35455.0117,-44607.5156,62492.5195
-351.0571,-99.0912,-112.9944,3307.5012,61976.2734,-81541.2812
-351.0571,-99.0912,-112.9944,3307.5012,61976.2734,-81541.2812
-113.0554,-217.1468,-304.1641,20335.0078,6151.2524,23913.7578
55.6130,-51.8933,123.2999,-14507.5048,-59307.5195,101622.5390
-441.4892,648.5134,307.0911,-24963.7578,-194381.3125,261738.8437
-1248.8533,1389.7762,716.9321,99601.2812,-286685.1250,286685.1250
-1259.5856,1127.2608,869.0142,33836.2617,-283211.3437,286685.1250
-672.4783,943.5917,682.9058,-1303.7504,-185885.0625,285608.8750
-445.3919,-92.3834,-157.0823,-21796.2578,71688.7734,-127723.7890
-445.3919,-92.3834,-157.0823,-21796.2578,71688.7734,-127723.7890
21.4037,42.5025,38.9657,-13370.0058,10797.5039,-25865.0097
-188.4866,264.7716,99.4570,-15268.7548,-129255.0390,158042.5625
-772.5451,698.9432,261.7836,-22295.0078,-243923.8281,286553.8437
-1156.8967,1287.4533,861.5137,83081.2812,-265142.5625,286685.1250
-1098.2958,917.4926,776.4478,120452.5468,-237562.5625,286685.1250
-793.8269,768.8863,448.5628,20308.7578,-82783.7812,162898.8125
-257.5150,15.7936,12.5007,-5092.5019,45762.5156,-102068.7968
-195.8041,8.7200,-41.4658,-23056.2578,35490.0156,-81795.0312
12.0129,-101.7742,-294.8343,-13982.5058,-11550.0048,23992.5078
-54.6373,117.9337,142.1424,-29531.2597,-104763.7890,150946.3125
-928.4688,778.6431,394.1084,-33993.7617,-257232.6093,286685.1250
-1510.2711,1262.4517,842.6711,79528.7812,-286685.1250,286685.1250
-1059.0861,1321.2967,1223.0592,24832.5097,-286685.1250,286685.1250
-669.9171,402.1577,-390.5716,52465.0195,-152862.5625,196743.8281
-626.2561,1081.8923,1308.1861,-1907.5007,121590.0312,-143666.2968
-144.5816,-57.6253,-126.8977,25987.5097,52666.2695,-56332.5234
-144.5816,-57.6253,-126.8977,25488.7597,43706.2617,-41877.5156
86.7124,-54.5764,-67.3820,-31543.7617,-45666.2695,77962.5234
-230.1964,260.8079,341.1175,-31255.0078,-148277.5625,202965.0781
-901.4551,688.1500,391.8522,45360.0156,-286623.8437,286685.1250
-788.7045,852.5498,479.1134,46121.2656,-286685.1250,286685.1250
-930.8470,1515.2104,1239.2186,91665.0390,-207690.0781,286685.1250
-38.3559,-104.4573,-172.0832,6571.2524,3386.2512,21498.7578
-33.1727,-137.5690,-176.9615,-1137.5004,-5460.0019,41186.2695
-115.7994,-15.9765,-157.1433,2528.7507,-71128.7734,166442.5625
-720.7738,473.6253,412.9509,-75477.5312,-174781.3125,286632.5937
-1378.1291,1091.7711,837.1831,17202.5078,-286466.3437,286685.1250
-1519.4790,929.1397,706.5657,83833.7812,-286685.1250,286685.1250
-863.2211,507.2248,509.2980,-34938.7617,-186401.3125,265790.0937
-380.0222,-366.7897,-255.2588,-17158.7558,-14630.0058,21113.7578
-333.7390,-333.8610,-211.1708,-24990.0078,-23913.7578,31438.7617
-243.9777,-145.0695,-74.8824,-39891.2617,-118090.0390,128091.2968
-632.4150,282.1506,229.4036,-43181.2656,-216921.3281,247940.0781
-1003.3513,740.7139,205.6828,46191.2695,-271005.1250,286685.1250
-1217.2052,1140.0056,798.5833,68862.5234,-268520.0937,286685.1250
-210.1952,-453.4411,-266.1741,-20431.2578,18707.5078,-10141.2539
-176.4127,-425.2687,-256.8443,-20431.2578,18707.5078,-1548.7506
-119.0923,-277.3943,-16.3424,-37660.0156,-51511.2656,83895.0312
-337.9466,-1.4635,177.3274,-33118.7617,-154000.0625,210183.8281
-662.5996,501.0658,302.8836,-43242.5156,-246321.3281,286685.1250
-1187.0205,1014.4495,505.0905,63551.2734,-286685.1250,286685.1250
-1246.5362,1632.0465,1321.2967,47670.0195,-219318.8281,286685.1250
-15.8546,-275.7478,-184.1571,8837.5029,-15618.7548,38062.5156
-2.5611,-199.7678,-126.8977,8925.0029,-28551.2617,56638.7695
-203.6094,-4.3905,120.0680,-16152.5048,-127155.0390,185578.8281
-704.4924,427.8299,318.0674,-67243.7734,-260295.1093,286685.1250
-1060.6105,888.1616,529.8480,29365.0097,-286685.1250,286685.1250
-1128.4804,1222.8763,1294.0998,106373.7890,-281513.8750,286685.1250
-971.0932,696.3822,917.2487,-53270.0156,-146072.5625,182560.0625
-383.6200,-411.7923,-283.5531,26337.5097,34195.0117,-17543.7558
-395.0231,-405.5115,-262.5153,23537.5078,31587.5097,-15347.5058
-343.0078,-245.5631,54.2105,17622.5058,-12915.0048,28700.0117
-242.0263,-4.7564,185.3157,-43715.0156,-108692.5390,119901.2968
-728.4571,852.0010,348.6789,-50435.0156,-253435.1093,279623.8437
-1188.3011,1321.3575,765.5935,80290.0312,-286685.1250,286685.1250
-1039.8778,1118.9068,845.3542,62431.2734,-244501.3281,286685.1250
-748.9462,1062.4400,862.5504,47206.2656,-59587.5195,135292.5468
-273.9184,-270.8085,-193.7308,-15347.5058,23485.0078,-35087.5117
-238.3066,-287.8217,-200.6215,-15347.5058,23485.0078,-35087.5117
-135.8006,-117.6288,-176.4737,22303.7578,-51432.5195,68425.0234
-256.2345,205.4388,365.0213,-32681.2617,-122202.5390,160527.5625
-855.9036,1057.5617,708.3951,-22347.5078,-257223.8437,286685.1250
-1707.1118,1321.1746,1165.1899,141268.7968,-286685.1250,286685.1250
-175.4371,5.6101,-154.0334,34702.5117,30336.2617,-24088.7597
-155.1310,-88.0539,-139.4594,35936.2617,19512.5078,-4226.2514
-122.2632,-274.0404,-268.6742,-38885.0117,-35385.0117,80176.2734
-226.1108,-84.2732,-35.0630,3631.2514,-84840.0312,133455.0625
-755.2270,929.9934,459.4171,-40110.0156,-172147.5625,234071.3281
-1498.2581,1290.6241,789.4973,40066.2617,-276333.8437,286685.1250
-1375.1412,1213.9733,1108.7841,60436.2695,-259901.3281,286685.1250
81.8950,-116.5922,-104.5183,-51686.2656,-28665.0097,60357.5234
92.8713,1.4635,-69.2114,-43907.5156,-42192.5117,78102.5234
-260.2591,152.6918,28.5383,-10255.0039,-138521.2968,204242.5781
-719.7981,193.7308,262.8812,3718.7517,-191213.8281,278031.3437
-967.0077,787.1801,269.7109,49463.7656,-243250.0625,286685.1250
-967.5565,1254.8294,661.8679,13265.0048,-252437.6093,286685.1250
-614.6701,1096.4055,1216.7783,50470.0195,-191861.3281,278180.0937
-487.9553,854.8061,385.5713,23388.7578,-86493.7812,79773.7734
-409.3532,-164.1559,-203.9753,-42367.5195,-4366.2514,-1907.5007
-411.6704,-196.1700,-204.0973,-20370.0078,-12083.7539,10482.5039
-390.9375,-300.1395,-113.4213,-15820.0068,-89005.0312,108683.7968
-493.3825,23.9648,68.7235,12075.0048,-133131.2968,155330.0625
-1008.9614,1055.5494,218.6713,36548.7617,-225417.5781,286527.5937
-1446.1209,1102.6252,602.1693,20133.7578,-231358.8437,286685.1250
-778.1552,822.8530,836.3293,75083.7812,-173871.3125,286685.1250
-314.4696,-305.2008,-94.4567,-1312.5003,-4926.2514,26512.5097
-326.4215,-285.0167,-72.1993,-14516.2558,-13790.0048,38062.5156
-387.2177,-42.5025,-115.0677,6982.5024,-89363.7812,137366.2968
-765.6545,365.2652,350.6912,-59543.7734,-193331.3281,279842.5937
-1016.9496,809.0107,358.9234,7761.2529,-252341.3437,286685.1250
-762.4226,727.9083,725.2253,79730.0312,-226922.5781,286685.1250
-488.1992,1315.1378,875.9047,-25103.7597,-180101.3281,248202.5781
-436.9158,-234.0380,-267.4546,-28568.7597,18506.2578,-29330.0117
-411.9143,-299.5907,-267.4546,-29338.7597,12740.0048,-19372.5078
-266.6010,-283.4312,-103.5426,33775.0117,-36828.7656,54311.2695
-234.8308,-332.5804,-288.5534,16861.2578,-90667.5390,117153.7968
-530.0310,388.8642,179.3397,-25900.0097,-156852.5468,195431.3125
-1024.2672,1160.6166,856.6354,47923.7695,-236871.3281,286685.1250
-1318.3696,1233.7915,978.9596,145932.5625,-244685.1093,286685.1250
-698.4555,-156.8994,-190.8038,-8977.5029,58371.2695,-113653.7890
-681.3812,-104.5183,-148.5453,3255.0012,58047.5195,-111212.5390
-546.1294,-81.6511,-41.8317,-9686.2539,29575.0136,-52508.7695
-318.9210,-246.1729,-217.0249,24893.7597,-39173.7656,51966.2695
-414.9023,145.9841,60.7962,-10246.2539,-127443.7968,152363.8125
-784.9239,821.9992,591.6199,18138.7558,-207725.0781,279588.8437
-1270.5618,1155.8601,1062.9279,107940.0312,-277733.8437,286685.1250
-617.5361,-162.8754,-153.3016,26687.5097,59640.0195,-83072.5312
-552.3493,-156.3506,-136.5323,26687.5097,59640.0195,-83072.5312
-418.8659,-286.6631,-263.3691,-16161.2568,33617.5156,-58782.5234
-160.5581,82.6268,22.4403,-3526.2514,-36268.7617,29995.0097
-555.3373,455.5754,162.8144,-16747.5058,-177310.0625,202650.0625
-1034.4505,558.4473,368.2532,30738.7578,-269456.3750,286685.1250
-1285.3189,1085.4901,923.8954,21017.5097,-286685.1250,286685.1250
-280.3822,188.9135,96.6520,-3123.7509,52920.0195,-54223.7695
-196.4749,188.9135,96.6520,-17438.7558,38211.2656,-34151.2617
-156.7165,14.2081,11.4641,34221.2617,-69405.0234,97982.5390
-301.9689,-255.7466,-185.8035,8662.5029,-160615.0625,196603.8281
-460.7586,613.2066,196.6578,-35.0000,-189595.0781,217490.0781
-949.9335,1513.2590,1270.6839,72800.0312,-254073.8437,286685.1250
-922.3710,1366.4821,1100.6740,49008.7656,-251912.6093,286685.1250
-378.3148,46.6491,7.4395,-39707.5156,2065.0009,2870.0009
-396.3036,143.2401,52.7470,-76711.2734,-12118.7548,22478.7578
-456.6730,257.1492,-123.4218,-6912.5024,-105227.5390,130515.0468
-1043.7194,499.9682,353.8012,-7140.0029,-254056.3593,286685.1250
-949.8726,456.1852,283.1263,64548.7734,-280288.8437,286685.1250
-428.5007,982.4965,626.8659,40740.0156,-218907.5781,286685.1250
-352.9474,1158.1773,962.5562,5836.2519,-151935.0468,248220.0937
-531.4945,-10.0006,-19.6353,-10552.5048,70017.5234,-78190.0312
-531.4945,-10.0006,-19.6353,-21918.7578,62440.0195,-78190.0312
-364.2896,-86.1636,-60.7962,34098.7617,13833.7548,-11208.7548
-408.1336,87.9320,-40.7341,-15172.5058,-78076.2734,98315.0390
-763.2763,501.3707,382.0955,-7481.2534,-186550.0625,228751.3281
-1106.6500,913.2241,510.5176,106111.2890,-257766.3281,286685.1250
-114.4579,-58.4790,-197.8164,-35131.2656,60217.5234,-59832.5273
-52.5640,-107.8722,-215.3174,-30721.2597,49840.0195,-44012.5156
52.2591,33.9044,-72.6872,9240.0029,-37021.2656,56586.2734
-338.5563,4.3295,-118.2996,32795.0117,-171360.0625,175507.5468
-877.5512,602.9011,546.1905,20378.7558,-241281.3593,246925.0937
-1315.3206,1104.5766,1000.5462,49035.0195,-286685.1250,286685.1250
-1323.6138,1220.3760,1019.6327,164176.3125,-283377.5937,286685.1250
-341.9102,136.2884,64.6379,1820.0006,76492.5312,-133770.0468
-341.9102,84.7610,3.3539,1820.0006,76492.5312,-133770.0468
-62.0768,-37.3193,-257.3931,-16992.5058,13650.0048,-21218.7578
-139.3984,-7.0736,26.2210,-7953.7529,-54162.5234,86870.0312
-361.6065,135.2518,62.8695,28096.2597,-134391.2968,180232.5781
-986.3991,1023.5354,547.6539,-66990.0234,-245997.5781,286623.8437
-1479.5375,1322.8820,1149.7623,64417.5273,-286685.1250,286685.1250
-538.4461,64.0891,106.5306,-11208.7548,107345.0390,-221838.8281
-540.8853,108.7259,70.1870,-22741.2578,99128.7890,-213500.0781
-210.6830,-129.2758,-48.6614,7227.5024,27483.7597,-108123.7890
-130.9833,-284.5289,-3.9027,-28910.0097,-40223.7656,3788.7512
-174.0955,-61.9548,300.0785,-72038.7734,-98463.7812,99365.0312
-567.8990,547.1661,657.5384,-131713.7968,-210647.5781,229888.8437
-1364.3479,1067.8673,625.3414,-26136.2597,-286685.1250,286685.1250
-351.4839,160.6801,293.4928,33591.2617,58371.2695,-183627.5781
-252.3928,248.0023,326.9093,13781.2548,47005.0156,-154525.0625
40.0023,-18.7816,158.8507,-5521.2519,-30686.2617,57452.5195
-124.6414,-411.2435,270.0768,2922.5012,-101893.7890,207943.8281
-308.7985,97.1398,440.4526,-32235.0117,-166713.8125,258851.3437
-907.7360,1199.0943,849.8667,-37187.5156,-257285.0937,286685.1250
-1315.6865,1711.4414,595.4006,59158.7773,-257101.3437,286685.1250
-469.6006,183.6692,246.8437,-24010.0097,48221.2656,-201976.3281
-377.0952,93.2372,147.3257,-39497.5117,43181.2656,-177826.3281
101.2254,-283.5531,55.3691,12057.5039,9730.0039,-49656.2695
174.2175,-443.4406,468.9298,-19337.5078,-55798.7695,85303.7812
-259.5274,272.2110,540.3364,-72038.7734,-149283.7968,254948.8437
-1105.9182,1167.7510,453.3192,-30441.2636,-250740.1093,286685.1250
-1296.2952,957.1900,508.7492,-3430.0012,-188405.0781,286685.1250
-470.4543,-215.4394,-341.9102,56656.2695,90492.5312,-239820.0781
-475.5766,-231.2330,-316.1770,82530.0234,99207.5390,-238472.5937
-121.7754,216.3541,282.3945,8855.0029,89083.7812,-121992.5390
93.6640,-174.3394,944.9942,54363.7695,-49052.5156,126061.2968
-413.8656,-125.1293,764.3739,-75171.2812,-126131.2890,221287.5781
-823.2798,505.3344,486.3699,5600.0019,-207278.8125,286685.1250
-1305.7469,1147.7500,387.6446,-76046.2734,-203595.0781,286685.1250
-601.9254,335.9343,9.8786,53873.7695,102007.5312,-241535.0781
-601.9254,335.9343,9.8786,53873.7695,102007.5312,-241535.0781
5.3052,-54.4544,424.2931,59211.2734,68302.5234,-119341.2890
88.2978,-172.0832,716.1394,40328.7656,-463.7502,24850.0097
-144.7036,-133.8493,519.1157,-58992.5234,-86021.2812,205703.8281
-695.1625,857.9159,512.2250,-100038.7890,-118308.7968,286685.1250
-1435.2058,1324.5895,563.3865,14113.7548,-156240.0468,286685.1250
-759.8004,293.4318,284.7117,-38237.5117,122771.2890,-199001.3281
-759.8004,293.4318,284.7117,-38237.5117,122771.2890,-199001.3281
-138.0569,-65.3697,-33.2336,-1513.7506,75416.2812,-44310.0195
17.0742,-235.1967,-179.4617,60383.7695,40057.5117,48466.2695
-110.3723,294.4074,340.9955,16266.2568,-40013.7656,146090.0625
-698.7603,852.7327,827.1215,52815.0195,-179873.8281,286483.8437
-354.7159,341.5444,-123.9097,-44161.2656,132790.0625,-126280.0390
-263.0641,225.5619,-196.2920,-10237.5039,125413.7968,-104483.7890
136.2884,229.0987,-340.4468,-53165.0195,45412.5156,49796.2656
28.3553,76.2849,-79.5778,68705.0234,-39795.0156,145232.5625
-289.5901,418.1952,117.2020,69790.0234,-128318.7968,211750.0625
-1037.4995,1249.5850,447.3432,48807.5195,-246872.5781,286685.1250
-1620.2775,1639.1202,1058.3544,77918.7812,-280612.5937,286685.1250
-261.3568,136.6543,-264.5277,-14542.5039,127155.0390,-99750.0390
-261.3568,136.6543,-264.5277,-14542.5039,127155.0390,-99750.0390
-25.3673,203.8534,-174.4614,-17412.5058,58161.2695,-33687.5078
-48.4784,406.8530,-92.1395,25462.5097,-73018.7812,93528.7890
-418.0732,592.7785,-62.3817,-6028.7519,-166705.0625,191248.8281
-836.3904,1251.7803,544.6049,89853.7812,-225496.3281,280892.6250
-1134.5784,1838.5831,1190.0085,149686.2968,-277576.3750,286685.1250
-1098.1739,897.9184,492.9556,11095.0039,-238350.0781,286685.1250
-392.6449,572.6554,50.9176,-23012.5097,153562.5625,-159197.5625
-332.5804,515.8837,-32.6239,-32340.0117,142905.0625,-138258.7968
97.8716,162.1436,-229.0377,24403.7597,79878.7812,-12486.2548
64.6379,346.3007,-122.8730,31893.7617,-18628.7578,99890.0390
-264.2227,609.4868,19.6353,735.0003,-121975.0390,181763.8125
-704.3704,1189.9475,331.2998,78207.5312,-210857.5781,275537.6250
-1255.8050,1937.5522,759.9834,127303.8046,-255403.8437,286685.1250
-307.9448,169.7660,194.8894,-38167.5156,45272.5156,-132282.5468
-307.9448,169.7660,194.8894,-42122.5156,29933.7617,-114231.2968
-222.2081,-60.7353,355.2037,-49525.0195,-80701.2812,19888.7578
-380.8150,-118.1776,171.1075,-79012.5312,-153247.5468,88156.2812
-831.8169,887.4299,366.7287,-57382.5234,-229328.8281,212668.8281
-1241.2310,1417.1558,701.5654,17228.7578,-271127.5937,286685.1250
-1212.7536,1318.3087,655.2822,37056.2617,-196761.3281,286685.1250
-392.7669,289.1632,284.7727,-18760.0078,66841.2734,-143543.7968
-360.4479,275.9917,327.4581,-34405.0156,59158.7773,-123707.5468
-84.7610,-169.0343,109.9454,2528.7507,2677.5009,-70.0000
-169.6441,-252.8196,131.9589,332.5001,-71592.5234,96853.7812
-438.1354,496.0046,638.6349,-26740.0117,-134365.0468,205353.8281
-867.1848,1221.2908,941.3355,35481.2656,-217481.3437,286685.1250
-983.5940,822.1212,562.9597,-20527.5078,-214567.5937,286685.1250
-487.2846,172.6930,592.4126,-53698.7695,107310.0468,-175113.8281
-456.8559,40.2463,448.3189,-60191.2773,95532.5390,-153273.8125
-5.6101,-55.6740,437.1596,-7428.7519,19302.5078,-13203.7548
57.6253,-467.5883,184.9498,-8146.2524,-52885.0195,83440.0312
-107.5673,115.6165,719.1884,-68661.2734,-113925.0468,150972.5625
-727.6035,987.3748,954.4460,-46515.0156,-238945.0781,285390.0937
-1418.6802,1281.4161,624.8536,48632.5195,-269473.8437,286685.1250
31.7701,324.7751,681.8691,22015.0078,40827.5156,-120268.8046
31.7701,324.7751,681.8691,22015.0078,40827.5156,-120268.8046
283.5531,-49.1492,420.1465,10561.2539,-77533.7812,89197.5312
-291.0536,95.0665,424.3541,-4760.0019,-156791.2968,245595.0937
-458.9292,316.9088,591.6809,23546.2597,-165095.0625,286685.1250
-867.7336,1231.7792,906.2725,6720.0024,-176767.5625,286685.1250
-988.4114,1261.8420,1064.2695,30870.0117,-127522.5468,286685.1250
-273.3087,158.7898,540.9462,58633.7734,101500.0390,-195763.8125
-273.3087,158.7898,540.9462,40626.2656,91778.7812,-195763.8125
316.7868,-186.2304,639.6105,27755.0097,-358.7501,-3158.7512
-8.5371,177.2664,601.5595,-59867.5234,-94150.0312,164736.3125
-702.6019,410.9387,553.8738,98980.0390,-132265.0468,286685.1250
-1352.5179,1101.8325,466.4907,32383.7617,-191388.8125,286685.1250
-1165.3729,479.5402,261.6617,14463.7558,-121607.5312,286685.1250
-246.1119,124.3975,338.7393,20798.7558,43085.0156,-173976.3125
-209.4025,-22.0135,330.6900,13405.0039,36128.7617,-148417.5468
201.3532,-225.0131,375.2658,-665.0003,-9108.7529,7035.0029
23.1721,-197.5725,353.5572,-15443.7548,-64190.0195,146273.7968
-673.8809,516.3106,831.9388,-24237.5097,-116410.0468,285556.3125
-1400.0207,946.0919,347.0325,-6763.7524,-135625.0468,286685.1250
-1498.5631,998.2899,664.4290,-393.7502,-112166.2968,286685.1250
-470.6372,-161.2899,472.4666,28490.0097,38718.7617,-176846.3125
-438.9281,-69.1504,523.4452,9695.0039,31613.7617,-159757.5625
-161.1070,39.0876,693.6381,-11235.0039,-17990.0078,-14455.0048
-211.5977,-803.3396,283.4312,-19346.2558,-68556.2734,128966.2968
-301.3591,37.3193,365.0823,-31500.0117,-33862.5078,124915.0390
-1014.6324,1475.0860,565.8257,-31473.7617,-56551.2695,286370.0937
-1756.9927,1245.9263,748.5194,67235.0312,-109515.0390,286685.1250
-896.8206,763.6422,336.3001,-13903.7548,170275.0625,-286413.8437
-896.8206,763.6422,336.3001,32068.7617,170275.0625,-286413.8437
-94.5177,333.7390,-76.4679,-8531.2539,131223.7812,-84157.5312
196.5968,-11.0372,228.9158,51318.7695,69055.0234,69877.5234
11.2202,72.5652,254.9539,71548.7734,-30362.5097,156502.5625
-481.7964,841.9395,699.3092,13273.7548,-167020.0625,275038.8437
-999.8755,1211.0462,1065.4890,117040.0468,-270558.8750,286685.1250
-1512.5273,1527.8941,1196.4113,88865.0312,-277812.5937,286685.1250
2.2562,230.2573,-126.6537,-17430.0058,68503.7734,-114502.5390
47.1369,96.8959,-203.7924,3430.0012,60672.5234,-96958.7890
156.2896,182.4497,73.4189,-20702.5078,-1155.0003,15391.2568
-125.8000,2.6221,-9.8176,67856.2734,-95506.2890,151383.7968
-411.7314,507.3467,287.6387,-5451.2519,-151593.8125,226905.0781
-953.9581,1527.9550,787.1192,52928.7656,-217665.0781,286685.1250
-1440.5109,1997.5556,1252.2683,141513.7968,-276482.5937,286685.1250
-928.1030,615.6457,288.4315,-7796.2529,192920.0625,-286685.1250
-872.9169,563.9963,216.6590,14245.0048,188851.3125,-286685.1250
-611.0723,296.4197,150.7405,4585.0019,151532.5625,-238315.0937
-94.5177,298.8589,129.0929,-22391.2578,95943.7812,-130007.5468
196.6578,-50.1859,-68.9674,23170.0078,-17806.2578,43111.2656
-120.9217,238.6725,128.6051,17745.0078,-114948.7968,159267.5625
-736.2015,727.6035,443.8064,33083.7617,-211251.3281,285468.8437
-1411.0581,1489.7821,846.1470,45823.7656,-275572.5937,286685.1250
-618.5117,391.3644,206.2925,-36128.7617,128896.2890,-229880.0781
-510.1518,292.9440,124.1536,-49245.0156,121660.0468,-214418.8281
5.3662,143.6669,-45.5514,-3911.2517,67138.7734,-112980.0390
104.2744,104.6403,-22.3184,-29487.5078,-28612.5097,33600.0117
-76.1630,229.2207,75.2483,1723.7506,-90938.7812,114668.7812
-709.7976,876.2708,519.7255,13308.7548,-175866.3125,226747.5781
-1248.2436,1219.0346,925.6638,58406.2734,-250468.8437,286685.1250
-731.3842,272.7598,237.6358,-48623.7695,130873.7968,-201407.5781
-730.4695,235.4406,204.2802,-45307.5117,125300.0468,-190723.8125
-300.6883,11.8909,97.0788,-15076.2548,66990.0234,-99286.2812
25.8552,22.1964,-76.3459,-19232.5058,1303.7504,12048.7548
-3.1099,216.9639,102.2621,3123.7509,-72161.2734,118798.7812
-474.7839,761.5079,317.5796,-16248.7558,-196052.5781,267960.0937
-1031.1577,1292.2706,865.4165,56752.5234,-275940.0937,286685.1250
-1004.6928,1361.2989,912.3093,167405.0625,-256663.8437,286685.1250
-419.9026,252.8806,82.3829,-50505.0156,83623.7812,-163380.0625
-363.7407,364.2896,-14.0252,-50505.0156,75197.5312,-144506.2968
-8.4151,98.7253,-5.0613,35026.2617,31535.0117,-31771.2617
83.6025,5.4881,-233.3673,-5932.5019,-34580.0156,91971.2812
-67.1381,392.0961,-29.0871,-18681.2578,-82687.5312,164228.7968
-1074.4530,1138.2370,751.8122,69763.7734,-193611.3125,286685.1250
-1780.7747,1555.5177,1009.9370,79318.7734,-286676.3437,286685.1250
-813.5232,290.3218,85.9806,-36093.7617,117888.7968,-192377.5781
-791.6317,179.0958,-34.7581,-10298.7539,110810.0468,-182306.3125
-279.8944,83.4805,35.4289,-54066.2695,62580.0273,-100511.2812
222.8179,105.0671,29.3920,14446.2548,-9887.5029,27632.5097
133.4224,465.5150,270.1987,-65248.7734,-123716.2890,170957.5625
-615.8897,1089.4538,532.6531,-8601.2539,-242838.8593,286685.1250
17.0132,-3.6588,-94.6397,-21350.0078,43548.7656,-73281.2734
17.0132,-3.6588,-94.6397,-22767.5078,35140.0156,-73281.2734
120.4948,-50.2468,-112.9334,-6685.0029,-11051.2539,14183.7548
-31.2213,243.9167,76.3459,12810.0048,-92715.0390,126218.8046
-571.0700,831.9998,352.1547,-2458.7509,-187757.5781,257013.8593
-1383.2514,1739.8577,1235.2550,48151.2656,-275870.0937,286685.1250
-466.0028,-186.3523,-0.8537,30957.5117,21883.7578,-63778.7734
-417.2195,-160.4362,108.4820,40118.7656,13273.7548,-58047.5195
-372.0949,-393.1937,27.7455,-31972.5136,-48886.2656,-7945.0029
-351.5449,-229.7695,112.6285,-20763.7597,-95628.7812,41107.5156
-433.5619,535.3972,542.9585,-58222.5195,-167046.3125,163756.3125
-935.1765,917.6145,673.9418,-100458.7890,-230956.3437,286685.1250
-1519.9058,1229.8280,669.1245,161008.8125,-189542.5625,286685.1250
-577.7167,53.8446,245.1972,53261.2695,81068.7812,-157132.5625
-540.7633,47.3808,280.9920,51651.2695,71933.7734,-140586.2968
-430.0251,-406.9140,-79.0290,5250.0014,22566.2558,-41763.7656
-350.6912,-435.5132,97.0788,-41903.7656,-14525.0058,19057.5078
-220.6226,-253.2465,199.0970,9773.7539,-61101.2695,79590.0312
-433.8668,552.4103,521.1890,-49096.2695,-149931.2968,211531.3281
-1118.1140,1127.9316,666.5023,-1575.0006,-222477.5781,286685.1250
-287.0290,-181.1081,252.1489,39103.7656,45325.0195,-98201.2890
-287.0290,-181.1081,252.1489,26320.0097,36688.7656,-98201.2890
-15.7326,-649.1233,-9.0859,86905.0312,-8522.5029,-19162.5078
48.4175,-350.0205,295.5661,-37695.0156,-48938.7656,42953.7695
41.7098,105.2501,408.1946,-30668.7636,-115325.0390,171535.0625
-786.8752,962.1903,545.7026,8050.0034,-198791.3281,286685.1250
-1566.5549,1316.8452,1285.9896,46235.0195,-223825.0781,286685.1250
-404.2919,-53.9666,247.6974,-9318.7529,59246.2695,-135686.3125
-404.2919,-53.9666,247.6974,-988.7504,51773.7695,-120925.0312
-139.3374,-402.5235,133.3005,-8076.2524,2730.0009,-30703.7617
-58.9669,-506.8589,264.5277,38482.5117,-36015.0117,37730.0117
-106.5916,-2.5611,585.4001,-44625.0156,-97545.0312,124783.7890
-602.8401,755.8368,605.8890,-40766.2656,-205056.3281,286571.3437
-1465.8782,1258.8541,908.0408,-45727.5156,-241018.8281,286685.1250
-308.9815,-432.7082,-36.2216,38727.5117,65931.2734,14805.0058
-272.7598,-367.1556,65.7356,21070.0078,58843.7734,23817.5078
-87.4441,-238.5505,43.7830,8960.0039,-13798.7558,101867.5312
-308.9815,101.9572,7.8053,18777.5058,-88033.7812,208818.8281
-516.4935,607.1696,416.8536,117075.0468,-156257.5468,284795.0937
-1288.1240,1449.0479,1234.7672,24491.2597,-244886.3281,286685.1250
-463.7466,-6.5248,-39.5755,-901.2503,115211.2890,-109453.7890
-463.7466,-6.5248,-39.5755,18200.0078,115211.2890,-109453.7890
136.9592,18.2938,184.8279,15566.2558,-4261.2514,11777.5048
64.4550,-361.6675,-226.1108,55641.2695,-128817.5546,139868.7968
-298.6760,143.3620,97.5057,1128.7503,-186620.0781,199937.5625
-781.6311,880.9051,605.3403,59123.7734,-231770.0937,286501.3437
-1204.0947,1284.9530,1088.0512,82276.2812,-286650.1250,286685.1250
-756.4466,162.9363,41.4658,-22365.0078,123278.7968,-149712.5625
-733.0307,103.2377,37.0753,-15111.2548,118475.0468,-139160.0468
-441.4282,-124.3975,-193.1210,-21463.7578,79143.7734,-70708.7734
-221.0495,-136.8372,-139.1545,19416.2578,38780.0156,-19215.0078
-8.8420,-23.1721,-54.9422,-7560.0029,-47110.0195,54258.7695
-143.4840,360.3259,227.2694,9345.0029,-158208.8125,155977.5468
-894.8693,799.0101,279.5285,81156.2734,-279903.8437,283648.8437
-1352.9448,1186.4106,892.9790,135371.2968,-286685.1250,286685.1250
-341.4834,171.5954,188.3037,-2406.2509,-126271.2968,153912.5468
-341.4834,171.5954,188.3037,-22408.7597,-126271.2968,153912.5468
-530.7627,130.0686,86.2855,149983.7968,-203726.3281,225050.0937
-775.5941,1062.5621,135.9835,-30021.2597,-248115.0937,282913.8750
-1098.6616,1408.6798,1000.1193,48195.0195,-243547.5937,286685.1250
-726.1400,746.0802,696.0163,58870.0234,-183548.8281,283998.8437
-307.2131,145.8622,198.9140,15111.2548,96066.2812,-74716.2812
-244.5874,87.3832,205.8657,5162.5019,76527.5312,-53200.0195
-112.2627,12.5007,-36.5875,-44336.2656,-55903.7695,67182.5234
-360.3259,44.6977,1.7684,38062.5156,-159145.0625,141233.7968
-709.1268,539.7876,170.4978,29216.2617,-224516.3437,210350.0625
-1139.0299,1004.3270,867.6726,57093.7695,-235436.3281,286685.1250
-1114.2723,1080.3680,1023.3526,128143.7968,-201215.0781,286685.1250
-21.0988,-68.6625,-63.4183,24578.7597,29680.0097,-11453.7539
-21.0988,-68.6625,-63.4183,24578.7597,29680.0097,-11453.7539
55.1252,-99.7009,-39.9414,1330.0004,-44931.2656,78452.5234
-257.2102,-7.9273,-16.3424,58345.0195,-121170.0468,171578.8125
-568.6917,527.1040,58.8449,49096.2695,-156450.0625,223317.5781
-1181.8372,1304.5273,911.2118,56192.5195,-207795.0781,286685.1250
-1363.2503,1392.8862,1058.5374,112017.5390,-207025.0781,286685.1250
-121.7754,8.0493,-142.6912,-30301.2617,44625.0156,-23721.2597
-121.7754,8.0493,-142.6912,-30301.2617,44625.0156,-23721.2597
-5.1223,-10.0006,-108.7259,148.7501,-67453.7812,80850.0234
-295.6880,101.3474,-67.1991,15260.0058,-131136.2968,134592.5468
-660.4654,836.6343,284.7727,31683.7636,-181737.5625,210743.8281
-1120.4923,1276.3549,905.7236,67488.7734,-246496.3125,286685.1250
-168.4854,124.6414,158.1190,-24578.7597,70227.5234,-77796.2734
-168.4854,124.6414,158.1190,-24578.7597,70227.5234,-77796.2734
-23.1111,-4.4515,-61.2841,46716.2656,-41606.2656,41816.2656
-184.0351,-97.0788,90.4931,-13711.2558,-134583.7968,128913.8046
-512.1640,528.7504,354.7159,-6816.2524,-196525.0781,184721.3125
-1190.2525,975.8496,691.9306,99172.5312,-266595.0937,286685.1250
-288.9193,-253.4294,-91.4078,-20195.0078,-14026.2558,-3998.7514
-328.9216,-331.9706,-160.8630,-34860.0117,-20720.0078,2528.7507
-184.8279,-142.9352,-224.0375,29041.2617,-49708.7695,38850.0156
-414.7193,394.2303,52.3201,61923.7734,-130051.3046,151681.3125
-986.3381,663.8803,506.8589,55536.2695,-207060.0781,277278.8750
-1342.9442,1200.4360,979.2645,123917.5468,-214541.3281,286685.1250
-679.5519,304.5300,56.8326,33512.5117,137366.2968,-171438.8125
-640.6472,225.9888,30.9164,33512.5117,130322.5468,-158016.3125
-330.0802,219.7689,-150.3137,22732.5078,68775.0234,-62641.2734
-144.5206,-84.5781,-252.2099,-14551.2558,-34947.5117,51546.2695
-265.4423,74.6385,-195.3163,1960.0007,-103145.0390,101062.5390
-611.5601,619.6093,29.9408,65073.7773,-179996.3125,190723.8125
-933.3472,968.4103,509.7858,55711.2695,-231988.8281,281356.3437
-611.9869,-77.5655,-234.8917,-20492.5078,104842.5390,-142546.3125
-611.9869,-77.5655,-234.8917,-15400.0058,101307.5312,-142546.3125
-409.7191,-32.7458,-121.4705,-1671.2507,57233.7695,-84420.0390
-258.2468,-100.6766,-122.0193,9686.2539,-12582.5039,2100.0007
-138.1788,-78.3582,73.1140,-12276.2548,-100056.2890,88681.2812
-450.0873,280.0773,81.2852,-2213.7507,-197058.8125,192963.8125
-818.4625,590.0344,197.0847,45211.2656,-244807.5937,263515.0937
-1147.9937,1048.5979,1031.0358,76676.2812,-239155.0937,286685.1250
-321.6651,-6.0979,-171.4124,11480.0039,63236.2695,-40495.0156
-319.4089,-33.7825,-106.1647,18506.2578,56463.7695,-28936.2617
-241.1116,-10.3055,-1.8294,43347.5156,-2275.0009,34842.5117
-363.3749,107.8722,60.3084,31718.7617,-99058.7890,117180.0390
-781.8139,430.2691,393.0718,86808.7812,-205607.5781,229950.0625
-1247.3898,1094.3322,880.2343,88103.7812,-274758.8750,286685.1250
-463.4417,-233.1233,-381.8516,62457.5195,-90501.2812,72170.0234
-493.5044,-205.4998,-301.9079,79030.0312,-92925.0312,77026.2812
-635.0371,-103.4207,-162.5095,49507.5195,-122193.7968,130865.0546
-950.2385,424.2321,424.2321,63805.0195,-143946.2968,191205.0625
-1121.9556,1191.1062,1005.3637,118142.5390,-210630.0781,286685.1250
-930.6640,802.3639,700.4678,18200.0078,-209221.3281,286685.1250
-864.3798,-191.3526,-102.2011,787.5003,19118.7558,4672.5014
-864.9285,-212.8783,-82.8707,5363.7519,17045.0058,7752.5034
-932.9203,-253.4904,-12.8666,-2318.7507,4313.7514,18060.0058
-586.2537,-289.5291,-62.7476,-14148.7558,-11698.7539,3920.0014
72.8091,259.8932,65.9185,27676.2597,-85338.7812,77892.5312
-425.6346,841.2077,373.9853,65528.7695,-209965.0781,280490.0937
-1327.9433,971.6421,1031.1577,99303.7890,-259236.3125,286685.1250
-1165.7387,1040.1826,1098.4787,65100.0273,-167203.7968,284480.0937
-686.5645,58.1741,128.0563,-40206.2656,103591.2890,-182385.0625
-639.2447,-56.8936,73.7848,-29487.5078,101097.5390,-176566.3125
-465.9418,-141.0448,92.1395,-32506.2617,70953.7812,-137191.2968
97.9326,24.0868,97.4447,-5748.7519,-988.7504,-1277.5004
-38.7218,322.0920,134.6420,-76107.5312,-122185.0390,185885.0625
-781.2651,667.5390,42.6854,-5057.5014,-222591.3281,286685.1250
-1423.4976,1394.4715,804.6811,108526.2890,-245682.5937,286685.1250
-1302.2103,1345.0784,973.8983,24333.7578,-228655.0781,286685.1250
-765.5325,277.8211,193.9747,4165.0014,-101176.2890,172313.8125
-755.5930,373.8023,169.9490,-18016.2558,72318.7812,-209387.5781
-790.5949,281.4798,178.2421,-15408.7558,69763.7734,-200130.0781
-625.0365,24.5746,-68.9674,-39086.2656,72012.5312,-163056.3125
-136.1055,64.2720,-61.4670,-10412.5039,52981.2695,-37248.7656
72.3213,-84.2732,-149.9478,4340.0014,-10893.7539,87123.7812
-292.5781,436.0621,185.9255,-17421.2558,-91595.0312,207270.0781
-1108.9062,1118.1749,460.3928,-8986.2529,-183627.5781,286685.1250
-1743.9432,1462.7684,604.4255,71540.0234,-220080.0937,286685.1250
-605.7061,-75.3093,-174.5224,-59316.2656,69168.7812,-178701.3125
-605.7061,-75.3093,-174.5224,-38885.0117,69081.2734,-174186.3125
-414.0486,-159.6435,-104.2134,-45981.2656,46147.5156,-105691.2890
-144.9475,-105.3110,-92.3225,-7665.0024,-8058.7529,13160.0048
-77.3216,-32.5629,85.6757,-43671.2656,-94692.5312,120303.7968
-649.6111,628.9392,78.8461,-39873.7656,-207777.5781,278888.8437
-1155.0675,1117.2603,236.1114,4602.5014,-248727.5781,286685.1250
-1278.5502,1297.6977,857.4891,129132.5468,-146868.8125,286685.1250
-691.5037,171.2905,130.8613,9738.7539,80272.5312,-223098.8281
-691.5037,171.2905,130.8613,-4585.0019,74147.5312,-209571.3125
-268.1864,-30.9774,-82.6878,-31701.2617,52596.2695,-114511.2890
-99.8229,-86.6514,-0.7318,-71400.0234,14288.7548,-9896.2529
-75.7971,67.4430,105.4330,29093.7617,-41483.7617,86047.5234
-570.8261,716.7492,310.5059,-57968.7734,-156887.5468,253548.8125
-1410.9359,1285.1359,775.2892,2843.7512,-254082.5781,286685.1250
-469.4786,-39.2706,202.2679,-46418.7695,31053.7597,-102576.2890
-469.4786,-39.2706,202.2679,-61433.7695,24815.0078,-88025.0312
-343.9835,-468.4420,11.5860,-6973.7524,-21516.2558,-21665.0078
-189.7672,-453.9290,227.6962,-55370.0195,-79476.2734,22321.2597
-314.3476,526.6771,80.4925,-129325.0468,-135607.5625,149362.5468
-934.4449,1098.0520,203.3045,-42603.7656,-177458.8125,286685.1250
-1487.0380,862.8552,876.4536,103713.7812,-178097.5625,286685.1250
-365.3262,-187.8159,259.4054,-15697.5048,-14385.0048,-69072.5234
-297.1515,-160.9850,302.5177,-19792.5058,-15802.5058,-57531.2734
-95.7373,-86.7734,170.3758,-94465.0312,-50767.5156,65030.0234
-248.9170,686.8693,148.6672,-78531.2812,-106750.0390,248430.0781
-1054.6346,1254.4025,222.2081,5223.7519,-135187.5468,286685.1250
-1247.2070,949.4457,767.3009,22662.5097,-115316.2812,286685.1250
-711.2611,-28.2334,87.6881,-35306.2656,14227.5048,-95987.5312
-712.0538,-19.4524,99.3351,-11655.0039,13510.0048,-87491.2812
-615.0969,-312.7012,103.9695,-22478.7578,11480.0039,-39795.0156
-582.7170,-3.7197,347.3374,-2310.0007,-9336.2539,21411.2578
-449.3555,201.1093,269.5889,-76685.0312,-52045.0195,146370.0468
-667.7219,941.8842,302.8226,-22540.0078,-105332.5390,286685.1250
-1250.1340,906.3334,367.2776,-34641.2656,-148400.0468,286685.1250
-421.0612,14.8789,280.1993,12145.0039,15400.0058,-154621.3125
-421.0612,14.8789,280.1993,12145.0039,15400.0058,-154621.3125
-96.8959,14.0862,212.0246,-58257.5195,-41387.5156,-24071.2578
-136.7153,-211.0489,8.1102,-17053.7558,-77367.5312,105595.0468
-569.6674,717.4809,175.0712,-14105.0058,-88515.0312,252472.5937
-1216.5345,1022.0109,593.0834,62921.2773,-112332.5468,286685.1250
-1346.8469,797.0587,673.3930,-30161.2597,-121642.5312,286685.1250
-467.0395,-350.2034,-68.3577,14157.5048,24193.7578,-65756.2734
-467.0395,-350.2034,-68.3577,14157.5048,24193.7578,-65756.2734
-589.8515,-381.3638,311.7865,40696.2656,19276.2558,-59500.0273
-447.7700,-363.6188,471.0641,20536.2578,-30721.2597,22662.5097
-317.4576,195.1333,254.8929,-42140.0156,-76072.5312,158270.0468
-962.3122,1184.3983,430.6959,3500.0012,-141820.0468,286685.1250
-1647.2912,866.3311,665.5267,96101.2812,-167930.0625,286685.1250
-1273.7939,815.7793,439.5988,45491.2695,-116182.5468,286685.1250
-688.6988,850.3546,415.9999,-17753.7558,-7227.5024,39497.5117
126.2269,322.6408,240.2579,26888.7597,-31657.5117,95935.0390
126.2269,322.6408,240.2579,26888.7597,-31657.5117,95935.0390
-406.2433,259.5883,350.5693,50251.2656,-186077.5625,252253.8437
-1032.0725,647.6597,280.1383,37756.2656,-260688.8593,286685.1250
-1428.3149,1519.2961,920.1757,99741.2890,-242217.5781,286685.1250
-1005.9124,1000.7291,779.6187,64417.5273,-155907.5468,280393.8437
-640.6472,-134.4591,-214.9516,-17176.2558,54792.5195,-114345.0468
-625.2804,-134.4591,-214.9516,-11943.7548,52325.0195,-108403.7890
-453.5631,-153.5456,-270.5646,-16677.5039,31937.5117,-62221.2773
-239.3433,-28.4163,66.1014,-40932.5117,-14131.2548,6711.2524
-109.6405,348.6179,124.1536,34982.5156,-114572.5468,145573.7968
-984.4478,1205.8021,346.1178,-45718.7656,-238367.5937,286685.1250
-1569.9696,981.8867,949.3238,57951.2734,-234657.5781,286685.1250
-462.7709,-60.1255,24.3917,51388.7695,78750.0234,-139518.7968
-462.7709,-60.1255,24.3917,51388.7695,78750.0234,-139518.7968
-82.7487,89.8223,-74.0897,-74007.5312,10543.7529,-26241.2597
86.4075,-103.5426,48.9663,3193.7512,-69755.0234,117836.2968
-275.8088,431.9765,62.8695,13422.5048,-148968.7968,253102.6093
-1330.6873,1260.8663,827.2434,-2852.5009,-240677.5937,286685.1250
-1479.4156,1313.9791,1208.0583,38053.7656,-268747.5937,286685.1250
-967.6174,-416.7926,-29.0261,44152.5156,28227.5097,14131.2548
-965.7880,-416.7926,-29.0261,41282.5156,25235.0097,10482.5039
-875.9047,-268.4913,-108.9698,10745.0039,4532.5014,8636.2529
-252.8806,-199.5238,-44.8807,45972.5156,-46208.7656,53838.7695
3.0490,499.5414,250.3805,-7936.2524,-165471.3125,179103.8125
-985.9112,984.6307,643.1473,44651.2695,-282030.0937,286685.1250
-1526.4305,1113.2357,1232.9987,75652.5312,-286685.1250,286685.1250
-776.9356,523.0184,644.4279,-77647.5234,-197505.0781,233660.0937
-477.4669,6.8297,-90.6760,-32313.7597,88357.5312,-115946.2890
-477.4669,6.8297,-90.6760,-32313.7597,88357.5312,-115946.2890
58.6620,109.2137,31.7092,-19250.0078,-5328.7519,26285.0097
-9.5128,-164.9487,-213.7930,25550.0097,-127487.5468,176863.8125
-605.2183,553.4470,162.0216,24745.0097,-228856.3437,285013.8437
-1517.5277,1064.8182,954.6899,81777.5312,-286685.1250,286685.1250
-637.9641,-46.5271,132.9346,-13466.2548,98997.5390,-154770.0468
-637.9641,-46.5271,132.9346,-13466.2548,98997.5390,-154770.0468
-62.0768,110.9821,30.0627,-40687.5156,29890.0078,-21901.2597
134.2151,-35.8558,128.6660,3491.2512,-63953.7773,126043.7968
-427.2200,645.5255,177.1445,-21236.2578,-165698.8125,266000.0937
-1328.4311,1248.2436,755.8978,11480.0039,-256007.6093,286685.1250
-1491.6113,1228.2424,1045.1219,41177.5156,-216212.5781,286685.1250
-708.8219,255.3198,200.7434,-37668.7617,77105.0234,-239435.1093
-660.8312,252.3928,192.6332,-37668.7617,71435.0312,-226108.8281
-225.4400,87.0173,189.6452,27247.5097,7752.5034,-98560.0312
-81.5292,40.6731,-137.0202,-19232.5058,-47503.7695,41868.7695
-223.9765,222.2691,35.3069,43111.2656,-66316.2734,170703.8125
-824.9872,845.4153,342.4590,60313.7695,-135633.8125,286685.1250
-1328.1263,948.7749,836.1464,1120.0004,-194871.3281,286685.1250
-672.6002,217.7566,118.1776,-3622.5014,98428.7890,-177651.3125
-610.9503,225.8059,73.1140,-6282.5019,92916.2812,-162732.5625
-214.6467,41.6488,11.5251,-28822.5117,52132.5195,-63997.5234
34.8191,-78.1753,127.0806,33967.5117,-59421.2695,106417.5390
-441.5502,368.4362,103.2377,-28341.2597,-163835.0625,252210.1093
-885.2346,740.4701,220.3177,-8531.2539,-217857.5781,286685.1250
-945.7260,972.4349,617.1702,147533.8125,-191056.3281,286685.1250
-34.3313,96.9569,-90.4931,-54162.5234,-6658.7519,16117.5058
-0.1829,101.1644,-134.5200,-39698.7656,-17377.5078,38508.7656
-225.3180,-84.3952,-152.9967,-245.0001,-68153.7734,143237.5625
-576.9240,294.8953,-34.0874,-14568.7558,-108202.5390,188746.3125
-1115.9189,1342.8833,710.1024,14481.2548,-165637.5625,285425.0937
-1238.1210,1306.9665,645.0377,64347.5234,-206395.0781,286685.1250
-521.6158,186.3523,126.8367,-38858.7656,77612.5234,-182253.8125
-425.3297,150.4966,121.2876,-50190.0195,69982.5234,-161070.0625
-7.8663,148.7892,213.4881,-9528.7539,-840.0003,-4375.0014
-270.0768,184.9498,205.8657,-21840.0078,-111361.2890,195868.8125
-815.9013,531.1896,209.0366,26.2500,-191458.8125,286685.1250
-1296.1732,825.4750,566.6794,-2502.5009,-230291.3281,286685.1250
-1015.1812,900.8452,738.7626,40547.5156,-177371.3281,286685.1250
-534.9093,129.5197,45.8563,22566.2558,67838.7734,-135030.0468
-508.7492,118.4825,66.4063,19617.5058,60497.5273,-118798.7812
-257.5150,-62.2597,30.7945,8741.2539,12188.7539,-17281.2558
-227.2084,-23.1111,73.6628,19713.7578,-52867.5195,97055.0390
-728.2742,655.4651,193.4869,-37476.2617,-141382.5468,244877.5937
-1352.3350,1017.9863,559.8498,45132.5117,-208801.3281,286685.1250
-1338.9805,988.1065,725.2863,43977.5195,-188912.5781,286685.1250
-432.8302,338.1295,108.8478,22767.5078,38255.0156,-128686.3046
-432.8302,338.1295,108.8478,22767.5078,38255.0156,-128686.3046
-96.5300,33.4166,81.7731,-63183.7656,-17858.7578,19180.0058
-218.3664,7.0736,50.3078,21813.7597,-72266.2734,129438.7968
-493.0166,158.3629,-3.3539,-20527.5078,-104352.5390,195930.0781
-806.6934,860.3552,117.1410,41615.0156,-143412.5468,285783.8437
-1079.5142,1337.7609,549.4833,-25506.2578,-160921.3125,286685.1250
-433.7449,555.2763,270.8695,-6947.5029,28971.2617,-215057.5781
-433.7449,555.2763,270.8695,-6947.5029,28971.2617,-215057.5781
94.6397,211.5977,267.8815,-111755.0390,-56393.7695,23161.2578
-122.3852,196.9017,355.2647,-84070.0390,-133647.5468,185605.0625
-833.6463,904.5040,507.3467,-210061.3281,-248150.0937,286685.1250
-1203.5458,913.8339,257.2712,1233.7504,-286685.1250,286685.1250
-870.9656,554.7886,438.3183,78557.5312,-193348.8281,286685.1250
-216.8419,524.0550,484.9064,-38185.0117,33153.7617,-185465.0781
-216.8419,524.0550,484.9064,-38185.0117,33153.7617,-185465.0781
269.4670,300.3834,585.4610,-55256.2695,-40477.5156,68993.7734
-96.5910,-2.4392,384.6566,-83151.2812,-120120.0390,264416.3437
-631.0125,531.9823,524.4208,-15662.5058,-183137.5625,286685.1250
-997.8022,1261.9639,1085.3072,-88628.7890,-207847.5781,286685.1250
-658.2701,462.0392,520.1524,-23800.0097,-148347.5625,281942.5937
-402.2796,495.7607,690.2843,67777.5312,87911.2812,-228462.5937
-238.7335,595.9495,759.4956,46961.2656,75302.5234,-194083.8125
243.9167,67.6869,550.6419,-31272.5117,5425.0019,26101.2578
87.0173,-153.4846,627.5977,-13877.5048,-74025.0312,213990.0781
-437.2817,577.4118,413.8656,-101290.0390,-144445.0468,286685.1250
-1353.1276,1137.8103,587.4733,-51126.2695,-190846.3281,286685.1250
-963.8368,1014.6934,1004.8148,-21603.7578,-150640.0625,286685.1250
63.7842,487.1626,610.0357,-42472.5156,20343.7578,-148487.5468
111.1040,489.6018,613.4505,-43023.7617,10727.5039,-106268.7968
209.7074,253.4294,500.6390,-56988.7695,-57058.7695,153877.5468
-339.1661,-57.8692,247.1486,-57601.2734,-119647.5546,286685.1250
-447.8311,428.8055,223.2447,-8067.5029,-136403.8125,286685.1250
-888.1616,1476.4277,814.4989,6562.5024,-109908.7890,286685.1250
-317.5796,113.7871,286.2362,12293.7539,-936.2504,-117556.3046
-246.8437,132.4468,338.6174,8767.5029,-4042.5014,-98770.0390
-97.5667,-28.8431,411.7314,7761.2529,-34877.5117,38666.2656
-333.3731,65.4307,335.2025,5223.7519,-70927.5234,189796.3125
-745.4704,901.4551,535.7630,-53567.5195,-84157.5312,286536.3437
-1127.5657,1139.3958,393.7425,31788.7597,-94062.5312,286685.1250
-491.8580,34.7581,-194.2796,12451.2539,126612.5468,-14087.5048
-465.3320,22.0135,-231.7818,30030.0097,122675.0546,-11952.5039
-302.8836,24.3917,-70.9798,60007.5234,76160.0312,10517.5039
-324.2263,369.5948,-31.7701,66228.7734,-10228.7529,91315.0312
-469.9665,781.9359,57.1375,6965.0024,-107152.5390,208110.0625
-683.5765,1243.5482,427.2810,57872.5234,-189883.8281,286685.1250
-823.6456,1613.9967,707.4194,75302.5234,-229031.3281,286685.1250
-794.8025,1229.5839,373.9853,30100.0136,-188912.5781,285512.6250
72.0164,527.7138,54.2715,64793.7734,115272.5468,-135047.5468
162.1436,568.3869,22.1964,36190.0117,96092.5312,-112621.2890
349.0448,578.9973,-94.8226,-17788.7558,-17771.2558,54180.0195
-134.2151,470.5153,-255.6247,-30546.2597,-136998.8125,201521.3281
-498.3828,876.3927,-277.6382,10342.5039,-181387.5781,244728.8281
-842.0614,1807.0566,275.7478,67068.7812,-196087.5781,286685.1250
-1082.2583,1844.8027,417.7683,69781.2734,-202947.5781,286685.1250
