accX,accY,accZ,gyroX,gyroY,gyroZ
-9.6305,-1.9023,1.2006,-0.0658,0.1990,0.1964
-9.6305,-1.9023,1.2006,-0.0924,0.1990,0.1964
-11.0357,-1.5817,0.7466,-0.3595,0.1689,0.2514
-14.8295,2.1559,-1.3107,-0.5370,0.3645,1.0498
-15.6389,4.9256,-4.6612,0.1944,1.4708,3.0685
-12.6879,5.1260,-5.6447,0.2976,3.2119,4.5496
-11.4598,6.3176,0.4528,0.7509,3.9729,5.0036
-8.4509,1.9920,0.6628,0.7769,3.6776,4.5647
-5.2744,-0.0269,2.0931,0.5574,2.0365,2.2967
-10.5308,1.9155,1.7773,0.4410,-0.0939,-2.2834
-10.3083,1.7198,1.9292,0.4142,-0.1336,-2.2700
-9.3075,2.0441,2.1428,0.3557,-0.2732,-2.1412
-7.6026,2.1625,1.5655,-0.0389,-0.3853,-1.7335
-6.5318,1.5332,1.4949,0.2857,-0.3506,-1.2671
-6.4642,0.0036,1.5607,0.1426,-0.2373,-0.7013
-7.9418,-2.2044,1.2939,-0.1058,-0.0625,-0.2330
-9.0802,-3.7430,1.1139,0.3367,0.2943,0.1846
-8.8702,-0.9284,-2.1577,-1.1852,1.1706,1.0513
-9.7980,4.7641,-9.0604,0.0924,3.0198,2.7373
-14.2140,6.8716,-9.2608,1.0423,4.9750,4.8836
-16.7294,2.0566,-5.8505,1.6725,5.0036,4.8767
-10.1827,-2.3402,2.1751,2.1076,5.0036,2.3531
-4.9334,1.7647,4.5882,-0.2802,2.9447,0.2465
-4.1204,3.4582,-3.8136,-0.1071,-0.1681,-0.7720
-8.8875,-0.4026,0.3200,-0.4734,-0.0582,0.0055
-8.6279,-0.4510,-0.2267,-0.4734,-0.0347,0.0832
-8.6100,1.1103,-2.7021,-0.5878,0.1520,0.3034
-9.6568,4.8455,-9.5462,-0.0953,1.4442,1.4468
-12.8961,4.7462,-11.5807,0.9047,4.2748,3.2687
-17.1948,3.5318,-8.1045,1.7761,5.0036,4.1835
-14.3013,2.7996,-0.7825,1.6918,5.0036,3.6711
-4.2814,-1.3358,2.4873,0.4320,4.3935,2.3521
-0.9075,-0.8088,-1.8796,-0.7990,0.5414,0.4995
-10.2341,-0.6144,-3.2716,0.5176,0.0892,0.0432
-10.1013,-0.2949,-2.8373,0.8896,0.2941,0.0834
-10.4285,1.0020,-2.0596,0.1878,0.9189,0.3832
-10.5906,2.4329,-5.0949,0.6736,2.5969,1.3354
-12.2985,3.1478,-7.0582,0.6614,4.9077,2.4340
-13.8873,4.1300,-6.7848,0.6422,5.0036,3.2982
-12.6239,3.0520,-4.6164,1.5737,5.0036,3.4068
-7.4088,0.0897,-1.5392,1.3213,5.0036,2.4694
-10.8538,-1.0588,-2.2570,0.1675,0.8813,-0.1804
-10.5488,-0.6951,-2.3833,0.4794,1.0689,-0.1432
-11.4054,2.5442,-1.7827,0.9549,1.7208,0.2854
-11.4168,4.0654,-5.3533,-0.0118,3.2745,2.0916
-13.4530,1.7420,-8.9671,1.2816,5.0036,3.1030
-15.7807,3.4116,-6.9284,1.8019,5.0036,3.0230
-13.6391,3.5468,-3.3350,2.5908,5.0036,2.5152
-5.9474,-0.2231,0.0197,1.7240,5.0036,1.7649
0.7370,-2.4766,-0.0245,0.9261,2.5705,0.5447
-10.0744,0.2028,-0.2201,0.3509,0.9656,0.2329
-9.8806,0.4475,0.0891,0.1576,1.1889,0.3276
-10.1204,2.1613,-0.6724,-0.5130,1.6266,0.6527
-12.1334,5.0518,-5.4963,1.4858,3.3972,1.9322
-13.8515,1.3412,-7.0582,0.9105,5.0036,2.9984
-15.4720,1.4931,-6.6233,2.1469,5.0036,2.6577
-14.6195,1.7210,-6.8644,1.7417,5.0036,2.0394
-9.4283,-0.8943,1.4501,-0.2938,1.5270,0.4957
-9.3416,-0.8363,1.4423,-0.4768,1.5889,0.5374
-9.4780,1.0582,0.7436,-0.3879,1.7006,0.7045
-11.3516,3.0622,-4.6181,0.3541,3.0501,1.9222
-14.1123,2.0279,-10.5117,0.7321,5.0036,2.7920
-16.8790,3.4935,-7.7898,1.4076,5.0036,2.8630
-14.9378,3.1244,-3.8136,1.8092,5.0036,2.7745
-7.3639,0.6269,-0.7543,1.6254,5.0036,2.2883
-0.4654,-2.6632,-1.1180,1.0545,2.8529,1.2320
-10.5781,3.5426,-6.6742,0.9409,1.1208,0.3497
-10.6176,3.3129,-8.8223,0.9409,1.4394,0.4336
-10.5512,4.4495,-11.7428,1.1112,2.4671,0.6941
-11.9204,2.5059,-9.3697,1.6623,4.9375,1.1429
-12.4229,3.4211,-6.2548,0.8990,5.0036,1.4152
-9.9147,2.6560,-3.3488,1.2767,5.0036,1.4427
-4.7055,0.1155,-1.7773,0.4114,3.8593,1.1345
-1.4734,-0.7555,-3.6700,0.0475,1.4781,0.2610
-1.1713,0.2435,-6.9559,0.0831,-0.3105,-0.6593
-2.1840,1.9944,-7.7324,0.5501,-1.3712,-0.9248
-10.4578,3.3781,-5.2828,-0.0518,2.1163,0.7309
-10.4578,3.3781,-5.2828,-0.0518,2.1163,0.7309
-11.6931,5.3641,-5.5645,0.3351,3.2503,1.3925
-13.8897,3.1753,-8.9515,1.4236,5.0025,2.4832
-15.1962,2.9133,-7.4608,1.4438,5.0036,2.1997
-12.4564,3.2800,-3.8213,1.9406,5.0036,2.0210
-5.5711,0.4475,0.2967,0.6773,4.9437,1.7240
0.3529,-2.4903,-2.0261,0.5748,1.9639,0.8236
-0.1579,0.2040,-4.0104,-0.4559,-0.7683,-0.6448
-3.6341,2.5795,-7.3567,-0.4099,-2.5502,-1.3621
-10.5769,0.0072,-5.3695,1.9795,3.2176,1.4856
-9.8955,-0.2794,-4.6086,1.9966,3.2411,1.6628
-8.3563,1.6983,-2.0548,1.2900,3.1927,2.0461
-8.2014,8.0309,-1.0295,-0.3696,2.4845,4.2787
-6.2327,2.5184,-3.6066,0.5962,2.0530,4.8936
-5.1057,0.7484,-8.2307,2.2364,2.3337,2.4198
-6.6215,3.9404,-3.1184,1.8150,2.0869,-0.2141
-5.3952,3.9069,-4.6672,1.1736,0.8560,-0.6774
-3.7765,0.9428,-7.1539,2.1938,-0.0964,-0.9595
-10.1563,1.1611,-6.5761,0.8922,1.5536,0.7830
-10.3537,1.1695,-6.4050,0.9281,1.8941,0.9760
-11.0973,1.3388,-8.4574,0.3815,2.6516,1.3051
-14.3378,2.3713,-10.2150,1.0038,4.9863,2.1840
-15.1645,0.3320,-5.0112,1.2831,5.0036,2.5982
-10.3860,-1.5296,-3.0999,1.6095,5.0036,2.1698
-4.4949,-1.1683,-1.1228,0.5800,3.7609,1.4998
-10.3908,1.3705,-3.5623,0.8610,1.0128,0.3181
-10.3777,1.3956,-3.8722,1.3885,1.3662,0.4140
-11.3198,2.9767,-4.7121,1.4681,2.1567,0.6752
-12.9194,1.5170,-6.8471,0.9114,4.4821,1.7839
-15.6012,1.5488,-4.4650,2.1072,5.0036,1.9108
-15.1185,2.9982,-3.9864,0.6570,5.0036,2.0414
-10.2239,0.6275,-2.8463,2.1351,5.0036,1.6565
-4.7426,-0.6407,-2.4431,0.4369,3.6551,0.9710
-1.6385,-1.3161,-3.5318,1.0947,0.8876,-0.2140
-10.0385,2.1105,-3.1693,-0.0470,1.3636,0.5426
-10.0385,2.1105,-3.1693,-0.0470,1.3636,0.5426
-10.8431,2.6818,-4.5069,-0.0596,2.3781,1.3053
-13.1749,1.7486,-7.7408,1.1153,4.6936,2.2093
-15.7304,1.8251,-7.6349,0.7708,5.0036,2.4198
-16.2395,1.9400,-6.3057,2.7161,5.0036,2.0856
-10.6534,0.7561,-2.8792,1.0841,5.0036,1.5307
-3.5533,-1.3962,-0.1071,1.5450,3.7993,0.6932
-0.6694,-2.3306,-1.7474,-0.0157,0.4617,-0.3603
-8.6207,2.0572,-1.9113,-0.0643,1.4299,0.7427
-8.6207,2.0572,-1.9113,-0.0643,1.4299,0.7427
-9.9105,2.2768,-5.4425,-0.5137,2.5133,1.5148
-13.0965,2.2666,-5.7817,2.1261,4.7455,2.4286
-15.5139,1.5452,-4.6917,1.6264,5.0036,2.5974
-16.0032,1.8024,-5.2534,1.5359,5.0036,2.2046
-12.0102,0.5659,-4.6301,1.0314,5.0036,1.8198
-6.1986,0.8841,-3.3607,0.6529,4.9613,1.4502
-0.8608,-0.4917,-3.3494,0.4068,2.5078,0.8520
-11.8768,1.8138,-4.0624,1.3091,4.0838,1.0831
-11.9743,1.9759,-3.8303,1.3512,4.3685,1.1723
-12.7448,2.7452,-2.5304,0.7540,4.8422,1.3434
-13.5410,-0.0520,-5.0339,0.8175,5.0036,1.7860
-10.7258,0.5348,-2.7272,1.2087,5.0033,0.7443
-8.2247,2.6931,-5.8128,-0.7772,4.2484,1.0566
-9.0766,0.5067,0.1609,0.7831,1.5760,0.4078
-9.0718,0.5378,-0.3314,0.5835,1.7958,0.5473
-9.5629,0.9846,-1.8287,0.1229,2.3089,0.8228
-11.3653,1.2945,-4.0283,0.9626,3.9138,1.4948
-12.8411,-0.1848,-3.5468,1.2982,5.0036,1.6351
-14.1254,0.8082,-4.3436,0.5037,5.0036,1.2617
-12.3242,1.4836,-5.8917,0.1326,5.0036,1.1449
-8.8373,0.5611,-8.5508,0.4734,5.0036,1.1916
-8.7745,-0.9954,-1.2634,0.0771,0.3575,-0.2627
-8.7745,-0.9954,-1.2634,0.0771,0.3575,-0.2627
-9.2333,-0.5611,0.1687,0.2566,0.8829,-0.0356
-9.6461,-0.3511,-2.6273,0.3809,2.0400,0.5020
-10.6786,-0.6987,-3.4887,0.4317,3.7759,0.7952
-13.0086,-0.0437,-4.6959,-0.4273,5.0036,1.0234
-13.6313,0.8596,-6.9559,0.0122,5.0036,1.2401
-11.1147,-0.2225,-4.9059,0.3509,5.0036,1.1387
-6.3111,-0.9159,-4.4429,0.2427,4.3216,0.7080
-2.5777,-0.5659,-7.3950,0.7744,2.7907,0.1591
-10.4489,-0.3679,-2.7906,-0.7538,-2.3721,-0.5855
-9.9685,-0.3745,-3.3039,-0.5965,-2.0154,-0.5336
-10.0110,0.3583,-4.1300,0.0165,-0.7414,-0.2947
-10.9448,0.8584,-6.9787,0.3888,2.8030,0.7706
-14.2229,-0.8453,-4.1157,1.3601,5.0036,1.1252
-16.9316,0.4110,-3.3506,0.6510,5.0036,1.2625
-15.8937,0.4965,-4.6463,0.5173,5.0036,1.2649
-11.3097,-1.2233,-5.9103,0.2263,5.0036,1.0088
-6.0969,-0.4391,-1.3537,1.1336,4.9662,0.3296
-9.7017,1.2544,-2.9833,-0.1116,2.3819,0.1361
-9.7017,1.5739,-3.2602,-0.1116,2.3819,0.1361
-11.7314,1.9334,-4.0493,0.7210,3.7257,0.6787
-14.6501,0.1884,-2.6566,0.9453,5.0036,1.3071
-15.6640,-0.9440,-2.7990,0.3418,5.0036,1.4068
-14.4838,-0.6150,-6.3123,1.0408,5.0036,0.9864
-11.3539,-0.5007,-7.5212,0.4468,5.0036,0.4386
-5.7338,-0.0479,-6.0102,0.5021,5.0036,0.4180
-10.3286,1.3663,-7.0062,0.0188,2.5050,0.6296
-10.3286,1.3663,-7.0062,0.0188,2.5050,0.6296
-12.3057,1.8239,-5.3689,1.2335,4.2128,1.0201
-15.0108,0.4026,-2.8762,0.7372,5.0036,1.5134
-15.2602,-1.4734,-4.1216,1.4193,5.0036,0.8560
-13.8084,0.8363,-6.9434,0.1072,5.0036,0.2815
-9.7358,0.2040,-7.1175,0.8476,5.0036,0.3102
-3.9230,-0.5007,-2.0722,-0.2801,5.0021,0.0896
-12.7454,3.5007,-1.6869,-1.2474,-4.2567,-1.1098
-12.7454,3.5007,-1.6869,-1.2474,-4.2567,-1.1098
-10.3579,1.0953,-2.4867,-1.4080,-3.1672,-0.3164
-7.9005,-1.7097,-2.2391,0.3604,-1.3618,-0.0935
-8.7087,-0.2070,-5.0782,-0.1425,0.7895,0.0499
-11.3689,2.3659,-4.3663,1.8744,3.3506,0.6576
-14.5179,0.8106,-4.0959,1.2141,5.0036,1.1672
-16.8598,1.1653,-3.4642,1.3470,5.0036,1.1362
-15.4708,0.3248,-2.4939,0.2170,5.0036,1.1438
-11.9767,-0.3500,-3.6963,0.9632,5.0036,0.8030
-7.7821,-0.7501,-4.7910,0.6930,-0.0382,0.2195
-7.7821,-0.7501,-4.7910,0.6930,-0.0382,0.2195
-8.1846,-0.7741,-4.8078,-0.1631,1.5693,0.7030
-11.7386,1.5954,-3.7190,0.4064,4.2258,1.2711
-15.1603,0.4624,-2.1111,0.6559,5.0036,2.2597
-14.4383,-1.9771,-3.2590,1.1582,5.0036,1.6848
-12.9051,-0.3595,-5.2869,0.4549,5.0036,0.7474
-8.9551,0.3787,-7.6493,0.1381,5.0036,0.6125
-5.0770,-0.9882,-6.5192,0.6429,4.6198,0.2126
-8.1841,0.3290,-3.6419,0.4236,2.0296,0.3346
-8.6453,0.3290,-3.6419,0.1226,2.5606,0.5597
-9.4331,0.0843,-3.7992,-0.1005,3.4734,0.9780
-13.1677,0.8058,-4.1797,0.7311,5.0036,1.8013
-15.4433,-0.5922,-4.4554,1.8589,5.0036,1.8095
-14.3851,-0.6760,-7.1354,0.9383,5.0036,1.0554
-11.0842,-0.5868,-6.2237,0.2523,5.0036,0.5646
-8.8361,0.2596,-1.9807,-0.3377,-1.3494,-0.7306
-8.7200,1.1653,-2.3139,0.1393,-0.9462,-0.5374
-8.2289,1.4901,-2.7655,1.2121,0.4916,0.1949
-9.5504,-1.3944,-5.0913,0.6081,3.4189,1.2266
-14.0166,0.3840,-3.0628,1.3719,5.0036,1.4348
-16.5398,0.3751,-3.0586,1.1353,5.0036,1.8327
-16.1402,0.3302,-4.0175,0.5933,5.0036,1.7039
-13.3520,-0.6377,-7.2138,0.4485,5.0036,1.6228
-7.9394,-1.4973,-4.1318,0.9653,5.0036,0.5330
-2.1182,-0.9852,-4.1916,0.5655,4.5458,-0.1005
-12.9631,1.1450,-5.8995,-0.2133,-4.3330,-1.2341
-12.9631,1.1450,-6.3033,-0.2133,-4.3330,-1.2341
-10.5918,0.5833,-5.8816,0.2546,-2.3615,-0.4410
-8.1470,-1.6349,-4.9268,0.7294,0.5336,0.0625
-9.5797,-0.9398,-3.8865,1.2894,3.1406,0.1081
-14.2379,0.9476,-6.1029,1.3879,5.0036,0.3374
-17.0285,0.4175,-4.9190,0.5554,5.0036,0.6432
-15.4050,-1.0331,-5.7643,0.3960,5.0036,0.8940
-19.5966,0.6957,-4.3023,1.1225,5.0036,1.7138
-18.8106,0.2171,-3.6730,0.7769,5.0036,1.7378
-18.8465,-0.6628,-4.7623,0.4539,5.0036,1.6660
-11.6548,-2.8349,-1.0301,0.2480,5.0036,0.5576
-4.3184,-1.8849,1.4506,-0.4078,4.0239,-0.1445
-0.4636,-1.4016,-4.1779,-0.8705,0.9896,-0.4094
-1.6080,0.3260,-9.3500,-0.9030,-0.4569,-0.8544
-1.9807,3.0389,-13.4812,-0.9766,-0.6145,-0.6052
-0.5139,-0.3583,-14.4150,1.7622,0.1396,-0.2185
-10.2832,-2.3515,-5.3970,-0.2891,1.9900,-0.0799
-10.2832,-2.3515,-5.3970,-0.2891,1.9900,-0.0799
-12.1047,-0.9685,-9.5157,-0.3091,4.2376,0.0622
-13.9173,-0.6664,-6.0927,-0.2056,5.0036,0.3473
-11.8917,-3.3805,-6.0156,1.1057,5.0036,0.2540
-8.0363,-1.4518,-4.7169,-0.6678,5.0036,-0.1715
-3.5157,-1.9645,-6.3039,0.5001,3.8109,0.0029
-9.0832,-2.1685,1.3525,-0.1706,-0.7848,-0.0904
-9.0832,-2.1685,1.5182,-0.1706,-0.7848,-0.0904
-8.8696,-1.9663,2.0160,-0.0272,-0.0170,-0.1336
-8.4329,-1.3059,1.1037,0.3459,1.7040,0.2688
-9.3535,-0.8094,0.0060,0.3264,3.5216,0.5696
-11.5980,0.0461,0.4164,-0.2564,4.8860,1.0821
-11.6752,-0.3751,1.2114,-0.0047,5.0036,1.4844
-10.8449,-0.5067,-0.7950,-1.3951,5.0036,1.4206
-9.9410,-0.1597,-6.0084,-1.1122,4.8666,1.1161
-8.9169,0.8261,-9.9649,-1.1196,4.5884,0.7547
-6.6000,0.4199,-10.4351,0.0654,4.0245,0.1095
-3.5342,2.1135,-8.3163,0.5965,2.7312,-0.4181
-2.0752,2.8289,-6.1837,0.9276,0.7804,-0.2476
-7.8748,-1.3836,1.0128,-0.3642,-0.7269,-0.2300
-7.5523,-0.6389,1.0175,-0.3285,-0.3531,-0.2251
-7.8682,0.0275,0.5533,-0.0547,0.8441,0.0200
-8.8361,0.8991,0.7579,0.6675,2.5783,0.5942
-11.5167,1.7635,1.2467,0.4174,4.4346,1.3399
-14.0854,1.4913,0.1507,0.3965,5.0036,1.9849
-13.7922,1.0660,-0.0885,-0.3868,5.0036,2.1156
-11.7805,0.6078,-3.5384,-0.2850,5.0036,1.9102
-8.2798,-0.1633,-2.6249,-0.7439,4.8367,1.0828
-5.5980,2.2445,-3.7801,-0.4404,2.9793,0.3260
-4.7037,5.4239,-6.3027,-0.7083,1.1987,-0.0675
-4.1964,4.5823,-11.1751,0.0134,0.0681,0.0490
-9.1466,-0.5533,-0.9781,-0.0452,-0.4100,0.0305
-9.1466,-0.5533,-0.9781,-0.0452,-0.4100,0.0305
-10.2682,-0.3517,-2.0530,0.1605,0.9997,0.2633
-12.3972,-1.2024,-0.7777,0.7668,3.3326,0.5652
-14.2427,-0.8100,-0.0748,0.5318,4.9573,0.6277
-13.9005,-0.8560,-2.5819,0.0195,5.0036,0.6025
-12.2913,-0.9027,-4.3274,-0.2697,5.0036,0.5501
-10.4853,-0.4355,-3.8267,-0.5924,5.0036,0.6025
-6.6772,-0.9661,-4.0505,-0.9259,5.0036,0.3286
-2.3545,1.0612,-7.8778,-1.3176,4.1670,0.4911
-9.9829,-0.7023,-5.3964,-0.0438,-1.0350,0.1839
-9.8895,-0.8788,-6.0054,-0.0626,-0.3969,0.2755
-10.2191,-0.9667,-6.2231,0.4953,1.5388,0.4859
-13.4339,0.3416,-3.4600,-0.3453,4.3517,0.9995
-14.2582,-2.0207,-1.0403,1.1165,5.0036,0.9471
-13.0893,-0.0712,-2.2187,0.0451,5.0036,0.6944
-10.3687,1.0421,-2.2576,0.4047,4.9854,0.5420
-7.5553,-0.5689,-5.5167,-0.2957,4.5177,0.7885
-4.9292,0.6281,-6.3111,-0.5122,4.1533,0.5767
-9.6748,-0.9314,1.8969,-0.0136,-0.1295,-0.1460
-9.4050,-0.9135,2.0429,-0.0136,-0.1295,-0.1460
-9.5677,-0.3003,0.7334,-1.0644,-0.1651,0.0435
-9.5892,2.5711,-3.7765,-0.1058,0.8409,0.7129
-10.8024,4.0899,-8.2624,0.6926,2.9193,2.1968
-13.9394,3.1896,-7.5870,1.3833,5.0036,3.0661
-17.1320,5.0471,-5.1242,1.3263,5.0036,3.3905
-13.5703,3.5533,-3.4074,1.7810,5.0036,3.2243
-6.1519,0.5324,-1.7509,0.8184,4.5331,2.4671
-0.6491,-2.3097,-5.2750,1.9120,2.0042,0.8169
-9.8578,-0.8668,-0.0467,-0.1518,-1.1409,-0.4429
-9.8578,-0.8668,-0.0467,0.0113,-0.9571,-0.4429
-10.1133,-0.8716,1.2628,-0.4924,-0.3916,-0.0644
-9.7519,0.7968,-2.0459,0.4096,1.2758,1.0237
-11.0016,0.9637,-3.0724,0.2257,2.9164,1.8535
-13.7665,3.5300,-3.7226,0.3732,4.8142,2.8924
-15.7543,4.9651,-5.2947,0.7236,5.0036,4.1226
-14.9611,4.1928,-6.8028,0.8189,5.0036,4.6023
-10.4148,1.6828,-4.7743,0.8192,5.0036,3.9746
-3.6712,-0.1860,-3.2937,0.6015,4.9120,2.5884
2.2235,0.4534,0.7256,0.7879,1.8526,0.5875
-9.1597,2.2373,-2.3934,0.5202,-0.2335,-0.0591
-9.1860,2.6052,-2.7619,0.1761,0.1287,0.2155
-9.6526,2.8259,-4.6427,0.0173,1.4394,1.0322
-12.5707,4.1761,-4.9011,0.8885,3.3822,2.4290
-15.1591,2.7332,-4.8933,0.9780,5.0036,3.3792
-15.4708,3.0084,-4.0104,1.9426,5.0036,3.1515
-12.1926,4.1294,-4.0062,0.6468,5.0036,3.0846
-6.9906,2.3372,-5.3474,1.0096,5.0036,2.8634
-2.0812,0.0275,-6.9051,0.8494,4.4610,2.1559
-9.9290,1.7109,-2.9444,-0.3144,-1.1787,-0.6384
-9.6072,1.9920,-2.8810,-0.1625,-0.8679,-0.3881
-9.1771,2.1996,-3.9613,-0.6127,0.1950,0.5122
-10.4877,2.3103,-5.7529,0.7216,2.4826,1.8386
-13.1821,1.8413,-4.4842,1.1944,4.4227,2.5985
-14.4491,3.3308,-3.5474,0.8086,5.0036,2.8613
-13.4895,4.0217,-6.0832,0.6397,5.0036,3.2293
-10.2191,3.1478,-5.0411,1.8865,5.0036,3.0511
-6.1848,0.7220,-6.9105,0.4010,4.5890,2.6757
-11.7039,1.7934,-2.6076,-1.1272,-2.6990,-1.9908
-11.7039,1.7934,-3.0156,-1.1272,-2.6990,-1.9908
-9.7280,1.2030,-5.3091,-0.4563,-1.2868,-0.9416
-8.6710,0.5827,-3.6538,1.0227,0.8552,0.5128
-10.1713,1.1545,-2.2929,-0.0145,2.5027,1.9513
-12.8393,2.9976,-3.9781,1.1359,3.9639,3.1052
-13.7414,2.1613,-5.9324,0.3714,5.0036,3.7361
-14.2935,3.1902,-6.3781,1.7706,5.0036,3.6206
-11.3414,2.9886,-4.1689,-0.2636,5.0036,3.3643
-10.4285,1.4985,-2.1003,-1.1063,-2.3886,-2.0569
-9.6203,2.1081,-2.1081,-1.1726,-2.1156,-1.8468
-9.3410,1.1952,-3.2895,-0.5234,-1.1522,-1.0357
-8.8708,-0.5031,-2.1003,0.6868,0.6747,0.3083
-10.5966,0.5659,-1.9460,0.5064,2.3549,1.3196
-13.4842,2.9880,-2.8283,1.0620,4.1139,2.4100
-15.1328,2.7416,-6.1250,0.3775,5.0036,3.4208
-16.8239,3.7442,-5.9737,1.4403,5.0036,3.7556
-14.4975,3.0233,-5.9898,0.6109,5.0036,3.9175
-8.4221,1.1480,-2.8337,1.8302,5.0036,3.1017
-10.3872,1.3322,-2.0770,-0.3600,-2.6076,-1.9300
-9.7442,1.1838,-1.9651,-0.3389,-2.2958,-1.6936
-9.3356,1.8215,-3.2142,-0.1176,-1.2233,-0.8538
-9.3482,1.7874,-3.2895,0.8564,1.1706,0.7967
-12.1053,1.3292,-3.6712,0.8993,3.7484,2.2187
-16.5679,2.4754,-3.2453,1.4899,5.0036,3.0667
-17.5890,4.4399,-2.1745,1.7973,5.0036,3.4499
-14.4850,1.8311,-4.4752,1.9685,5.0036,3.5064
-9.8219,1.0020,-1.7498,1.2112,5.0036,2.5983
-4.3627,0.4696,-3.8841,0.2891,4.4138,1.9283
-10.2251,1.4058,-4.0726,-1.4546,-2.1496,-1.1808
-9.3129,1.5500,-4.5583,-1.4546,-2.1496,-1.0392
-9.4875,2.3629,-3.0162,-0.0192,-0.4959,-0.2424
-10.0576,1.7533,-2.7021,-0.0698,1.5806,1.3728
-13.4363,1.2120,-3.3422,0.9613,3.5349,2.3815
-14.2744,0.7992,-3.2578,0.2752,4.6809,2.4517
-12.9823,1.7121,-1.9256,1.0763,5.0036,2.0582
-9.9356,3.6239,-2.4993,-0.2309,4.7217,2.1819
-6.4164,0.5653,-6.9858,1.4479,4.5050,2.0155
-4.1731,0.9416,-6.7448,-0.0925,4.2570,1.1026
-1.6576,4.3406,-6.0377,1.0861,3.2805,0.2854
1.6642,3.6766,-6.2219,0.6034,1.4419,0.0658
1.9161,2.4371,-8.3450,1.4716,-0.4041,-0.2540
-10.8485,0.2160,-3.5133,-0.2972,-2.2935,-0.8415
-10.4925,0.1944,-3.2201,-0.1642,-1.9619,-0.7462
-10.2263,1.3502,-3.1741,-0.3474,-0.8954,-0.2866
-10.7085,1.1683,-5.5238,-0.2934,1.9497,1.3873
-12.3667,-0.2955,-4.9992,0.8682,4.4250,1.9018
-14.2834,3.1358,-3.0066,0.8774,5.0036,2.0855
-12.0945,1.9573,-1.4393,0.9791,5.0036,2.1070
-8.9354,0.5725,-4.8957,0.4288,4.9721,1.9103
-6.0389,-0.1795,-3.8130,0.5669,4.0859,0.9972
-2.9342,0.3559,-5.0267,-0.4100,2.6099,0.0716
-0.4726,2.6949,-7.0576,-0.3231,1.0069,-0.6041
-0.1860,3.2022,-9.7555,-0.2324,-0.4808,-0.7523
-1.4638,3.2118,-9.3924,0.5762,-1.6275,-0.7393
-10.2491,1.0128,0.0377,-1.0258,-1.9907,-0.3864
-10.2491,1.0128,0.0377,-1.0258,-1.9907,-0.3864
-9.7328,0.3948,-2.0704,-0.2961,-1.0215,0.1104
-11.7422,1.2981,-3.4110,-0.2870,1.1614,1.3219
-13.2479,-0.7442,-1.9143,0.9103,3.8225,1.6467
-14.8235,2.4048,-0.7549,1.2242,4.7945,1.6475
-14.0614,4.4441,-2.4927,1.1338,4.9821,2.0270
-12.6700,5.0016,-7.8221,0.8867,5.0036,2.7072
-9.9374,-0.1615,-6.7125,2.1015,5.0036,2.3350
-5.5107,0.1531,-0.8752,1.1451,4.9697,1.2633
-0.0604,-0.4367,-0.2076,0.6324,2.1673,0.4027
-9.7310,0.0299,-0.5976,-0.8263,-1.5915,-0.9439
-9.5868,-0.5073,-0.7412,-0.3928,-1.3068,-0.8473
-10.2341,1.7288,0.2429,0.8241,-0.3943,-0.3603
-11.8325,0.8560,-2.8965,0.3173,1.5201,1.3105
-14.1679,-0.6628,-3.8291,1.8230,4.3129,1.6892
-17.3025,4.0893,-3.4092,0.9717,5.0036,2.0528
-16.6140,4.4842,-3.2895,1.5279,5.0036,2.6530
-13.0540,1.3083,-4.4638,1.5291,5.0036,2.7891
-7.1336,0.6311,-0.8441,1.0825,5.0036,1.9198
-1.9789,-1.2431,-2.2265,1.3552,3.4265,1.0067
-12.2668,-0.0407,-0.6114,0.2825,0.3227,-0.5638
-12.2668,-0.0407,-0.6114,0.2825,0.3227,-0.5638
-12.2764,-2.0632,-1.3657,0.5159,-0.2711,-1.0979
-11.9324,-2.9085,3.2806,0.9201,-2.2234,-2.4483
-11.4317,0.9571,3.2698,0.2775,-4.1450,-2.5018
-9.9009,-1.1575,2.2905,0.2766,-5.0036,-1.7828
-7.3693,-1.6822,0.7029,0.0015,-4.6762,-1.4444
-5.7470,-2.5896,0.8076,0.1852,-2.8300,-0.8222
-6.5450,-3.8782,3.0060,0.2856,-0.4520,-0.1376
-7.1318,-6.7801,6.6329,0.7902,1.3297,-0.5289
-8.9988,-2.5250,5.8540,0.7572,1.8318,-0.5638
-11.1966,-1.5912,-3.8417,0.9977,-1.3549,-1.2810
-11.1966,-1.5912,-3.8417,0.9977,-1.3549,-1.2810
-10.6552,-1.1605,1.1557,0.2608,-2.9425,-1.8729
-10.1575,-1.0720,2.5065,0.9894,-4.8333,-2.0047
-10.0756,0.0987,-2.1589,-0.0670,-5.0028,-1.7352
-8.2026,-1.0355,-1.6026,0.8057,-4.1116,-1.2642
-6.0359,-3.5809,3.5061,1.3654,-3.2442,-1.1785
-6.5719,-2.9384,7.6199,1.3702,-2.5673,-1.1519
-7.4471,-1.4058,8.3354,0.2242,-1.2894,-0.3267
-10.8347,-0.9033,0.9817,0.2314,-3.8888,-1.2144
-10.8347,-0.9033,0.9817,0.2314,-3.8888,-1.2144
-12.1083,-4.3095,4.4363,0.1103,-4.9714,-1.3479
-13.5278,-0.9517,-1.6702,-0.0507,-5.0036,-2.1324
-12.2483,-0.0616,-2.9767,0.5602,-5.0036,-1.4623
-9.9015,-2.8786,1.1940,1.0994,-4.6750,-1.0311
-8.7230,-1.9095,4.8724,1.0020,-3.5337,-1.0823
-7.7575,-0.4929,5.9001,0.3445,-2.1924,-0.4096
-7.8413,-2.0506,5.8798,-0.2098,-0.5128,0.3013
-8.1733,-3.4594,5.4598,-0.4108,0.9927,0.7037
-7.8359,-2.6118,-2.6351,0.6778,-0.5337,-0.6180
-7.8359,-2.6118,-2.6351,0.6778,-0.5337,-0.6180
-8.6794,-2.6788,-1.2084,0.7822,-2.0837,-0.8790
-12.3817,-2.1972,2.3731,1.1817,-4.8955,-1.0699
-15.6634,-2.8110,1.1336,0.6292,-5.0036,-1.1098
-15.9805,-1.4722,0.6945,1.1104,-5.0036,-1.3237
-12.2668,0.7567,3.3027,0.6614,-5.0036,-1.1446
-8.0889,-0.2919,1.6810,1.1240,-4.9344,-0.7057
-5.8564,-0.4600,2.8762,0.7346,-2.2239,-0.4432
-11.1404,-2.6393,-1.5242,-0.5374,-2.0772,-0.6185
-11.1404,-2.6393,-1.5242,-0.9369,-2.4416,-0.6599
-11.7326,-1.2287,-1.0798,-0.4065,-3.6140,-0.6990
-10.2688,-2.4491,-3.3494,0.6947,-4.2597,-0.4927
-10.4064,-0.9284,-0.8243,0.6684,-4.3361,-0.3063
-9.5210,0.7513,4.9926,0.5669,-4.9692,-0.2648
-9.5713,0.5737,4.9807,0.9061,-5.0036,0.0895
-8.3438,2.2235,6.6395,0.3900,-4.9573,-0.0829
-6.3392,0.0550,5.5484,0.6173,-3.6137,-0.5938
-10.5416,-2.4873,-1.7157,-0.2459,0.3998,-0.2906
-10.3011,-2.7063,-1.7157,-0.0838,-0.0250,-0.2665
-9.8764,-3.4995,-0.0072,0.1312,-1.4856,-0.3331
-11.6184,-0.9763,0.7848,-0.6280,-4.4072,-0.2984
-11.9013,-2.4108,-0.6084,0.1889,-5.0036,0.2947
-11.7422,-2.4281,-0.2913,0.2671,-5.0036,0.4453
-10.0522,-1.8760,2.0154,0.6561,-5.0036,0.1755
-7.5876,1.7468,4.4716,1.7423,-4.6736,-0.0983
-5.3151,3.4869,6.3990,1.1202,-2.9787,-0.2576
-4.9173,1.8281,7.5852,0.0486,-0.9050,-0.4204
-10.9077,-0.9978,-1.8084,-0.7013,1.3868,-0.3115
-11.0327,-0.9978,-1.8084,-0.8691,1.2089,-0.3123
-11.4993,-1.6175,-2.4760,-0.4346,0.6484,-0.3036
-10.9825,-2.6560,-3.7986,0.0467,-0.6924,-0.4829
-9.9314,-3.8518,-1.8742,1.1298,-2.0753,-0.5878
-10.2802,-2.7649,0.4032,1.0620,-3.6771,-0.6049
-10.2197,-1.2754,2.3581,1.4545,-4.8865,-0.2549
-9.7603,-0.5372,3.8231,1.1623,-5.0036,0.1845
-7.5583,0.4606,2.3874,1.0403,-5.0031,0.1691
-6.3422,2.1805,4.1527,0.9646,-3.6527,0.2480
-5.0931,0.7591,6.6939,0.2468,-1.5380,0.0476
-5.0399,-0.9218,7.7163,-0.2437,0.1023,-0.1571
-9.5300,-2.2241,-2.5268,0.1426,-0.8328,-0.3661
-9.5300,-2.2241,-2.5268,0.1426,-0.8328,-0.3661
-10.6247,-3.2405,-0.8746,-0.1321,-1.4103,-0.3984
-12.5647,-2.6154,3.6299,0.8751,-3.6423,-0.4319
-13.3089,-2.6512,5.1637,1.2616,-5.0036,-0.5081
-12.4893,-0.6688,2.8379,1.0127,-5.0036,-0.5357
-6.9045,-1.2574,-0.4140,1.3743,-4.9543,-0.6872
-3.4923,1.4955,3.5055,1.1471,-2.7019,-0.8132
-3.7603,2.2056,6.1017,0.4133,-0.1955,-0.2341
-5.2636,-1.7737,8.2678,0.1785,1.7052,-0.0567
-9.2172,-3.8465,-4.5440,0.0782,0.1345,-0.3998
-8.5436,-3.4050,-3.4379,0.3164,-0.1084,-0.4633
-8.7398,-3.3918,-2.3509,-0.0702,-1.1063,-0.4812
-8.1930,-2.8343,-0.6592,0.9727,-3.0081,-0.3564
-9.5605,-1.2933,-0.7161,1.1477,-4.5830,0.1225
-10.7743,-2.5418,0.9392,1.5557,-5.0036,0.5632
-10.2138,-2.3587,2.7476,1.6522,-5.0036,0.1121
-9.6873,1.7503,4.3490,2.0279,-5.0036,-0.2059
-6.9679,2.0028,6.0742,0.7055,-3.4233,-0.0658
-5.2337,-0.1711,7.7593,-0.0753,-0.9369,-0.1915
-10.6170,-3.4534,-1.9029,-0.7443,-0.6758,-0.4050
-10.4746,-3.4839,-1.8837,-0.2738,-1.0377,-0.5227
-11.0895,-2.7607,3.0604,0.6260,-2.4088,-0.9195
-13.1839,-0.7555,3.5910,0.4604,-5.0024,-0.6935
-12.1304,-2.1613,-0.1908,0.5893,-5.0036,-0.0525
-9.3583,-4.1779,-0.2046,0.5576,-5.0036,-0.2721
-6.4074,-1.0367,5.2642,1.9844,-4.7641,-0.8445
-5.2193,2.5256,7.5302,1.5519,-3.7032,-0.6683
-11.3492,-2.4114,-0.6347,-0.4687,0.6988,-0.3564
-10.9077,-3.1866,-1.0110,-0.4687,0.6988,-0.4067
-11.1374,-3.8524,-2.1691,-0.1103,-0.4789,-0.5744
-11.2355,-3.3057,0.0173,0.4504,-2.1954,-0.8986
-11.0195,-3.4367,1.7336,1.2585,-4.1105,-0.7098
-11.0303,-3.5444,0.8728,0.7031,-5.0036,-0.5936
-9.7992,-3.6963,2.3300,1.4878,-5.0036,-0.8619
-7.6959,-0.1848,5.4640,1.7008,-5.0021,-0.8077
-3.9691,-1.0947,8.3575,1.2550,-3.6230,-0.7599
-3.5593,-0.6173,6.1944,-0.4278,-1.7005,-0.7889
-9.2010,-2.0590,-3.5797,-0.1787,1.6944,-0.3735
-9.2010,-2.0590,-3.5797,-0.1787,1.6944,-0.3735
-9.1352,-2.5029,-4.3053,-0.6484,0.6976,-0.3595
-9.5157,-2.7458,-2.6818,0.7885,-1.6721,-0.5391
-11.8044,-0.9906,1.2670,0.7297,-4.9201,-0.3367
-13.2156,-3.1519,2.1302,0.7961,-5.0036,-0.0289
-13.5906,-2.0536,-0.3517,0.0518,-5.0036,-0.3939
-8.9725,-2.1003,-0.1513,1.3184,-5.0036,-0.5151
-5.7278,-2.0501,2.9815,0.9975,-3.9189,-0.3798
-4.7940,-2.2367,7.4249,1.0463,-1.6463,-0.5567
-14.9641,-5.8708,0.8596,-0.3305,-2.0229,-1.6987
-14.9641,-5.8708,0.8596,-0.3305,-2.0229,-1.6987
-15.6233,-7.6828,-0.7089,-0.6901,-2.9706,-1.8189
-15.1107,-7.4094,1.8957,0.4962,-3.9503,-1.9355
-13.1420,-5.4108,5.2181,0.3566,-5.0031,-1.8392
-8.8762,-1.4303,-0.9751,1.8251,-5.0036,-1.6768
-4.5996,6.6317,0.5515,0.9644,-3.7750,-0.6535
-5.5352,3.2566,2.3557,0.4082,-1.2952,0.3309
-4.1701,-0.8088,3.0544,-0.3300,0.4094,0.0550
-5.4407,0.7974,6.0251,-0.0324,0.9931,0.0741
-9.4235,1.4417,1.1862,-0.2219,-1.0027,-0.5796
-9.4235,1.4417,1.1862,-0.2219,-1.0027,-0.5796
-11.2528,0.3135,-0.2489,-1.6927,-1.2449,-0.6078
-14.4144,-4.1151,-3.8477,0.4461,-1.4083,-1.7466
-12.8429,-1.3442,5.6740,1.2770,-3.3567,-3.0427
-12.5055,3.1872,10.8957,0.8841,-5.0036,-2.1483
-9.8967,-1.1509,5.7547,0.2944,-5.0036,-0.6277
-6.4696,-0.0873,-1.8760,-0.0709,-4.6100,-0.2074
-8.5890,-1.6110,-1.7707,0.8884,-0.1054,-0.8644
-8.5890,-1.6110,-1.7707,0.8884,-0.1054,-0.8644
-8.8379,-2.5424,1.5087,1.8043,-1.6319,-0.9555
-11.6566,-0.7902,5.9994,2.0557,-4.9498,-0.7216
-15.3135,-3.4588,6.8046,1.7013,-5.0036,-0.1216
-13.5344,-3.6532,0.5180,1.1092,-5.0036,-0.5360
-6.9948,-3.5791,-0.0150,1.3137,-4.9911,-0.8076
-1.0642,-1.4088,6.1460,0.9739,-2.6757,-1.0157
-9.2620,-2.0710,1.2586,0.8601,-2.4134,-0.9942
-9.2620,-2.0710,1.2586,0.8601,-2.4134,-0.9942
-11.1296,-1.0522,4.0008,0.8265,-4.2699,-0.8625
-16.4865,-1.0169,3.6706,0.2886,-5.0036,-0.2393
-15.9248,-2.6130,2.3186,0.8951,-5.0036,0.2813
-12.2195,-4.1390,2.5172,1.1359,-5.0036,-0.0573
-6.6622,-1.2706,4.1683,1.6481,-4.9828,-0.5284
-3.2106,0.4253,4.8096,0.5003,-2.0924,-0.4995
-2.1242,-0.9380,4.8449,-1.0579,1.2871,-0.2069
-7.8341,-2.4078,-4.5625,0.6727,-0.9949,-0.7760
-7.9693,-2.2110,-3.9278,0.5589,-1.3689,-0.8613
-9.0078,-0.6945,-1.6714,0.8274,-2.6539,-1.0333
-12.4457,-0.5635,6.2040,0.7567,-4.9966,-0.5957
-14.3988,-1.1557,1.8371,0.1494,-5.0036,0.0544
-12.5665,-2.3294,-0.5551,0.4595,-5.0036,0.2248
-9.0987,-1.0086,2.1942,0.7880,-4.8839,-0.1170
-6.9631,-0.6951,4.9298,0.4423,-2.6770,-0.3068
-5.9145,-0.4487,4.2060,-0.2816,0.1090,-0.0214
-8.2905,-2.6243,3.0179,-0.6994,2.5643,0.2453
-10.3077,-0.3751,3.7825,-1.4398,4.0664,0.6889
-11.9234,-4.5511,4.6062,0.9140,-5.0036,-0.0214
-11.9234,-4.5511,4.6062,0.9140,-5.0036,-0.0214
-15.3942,-4.4830,5.0776,0.5693,-5.0036,-0.5026
-17.0399,0.4247,2.6632,1.1747,-5.0036,-0.4357
-10.2293,-4.7294,3.8788,1.1906,-5.0036,-0.0385
-5.4024,-2.9468,4.9819,0.6478,-4.2699,-1.0702
0.4169,2.1404,8.1517,0.6901,-1.6554,-0.7856
-1.1258,1.8233,6.7789,-0.6579,1.0542,0.4890
-3.8542,-2.7840,5.7230,-0.9810,3.2241,1.0936
-6.9721,-3.2201,0.6084,0.1684,-2.4494,-0.3074
-6.9721,-3.2201,1.0714,0.1684,-2.4494,-0.3074
-8.5890,-2.5268,1.5888,0.2926,-4.0859,-0.3343
-13.3795,-0.9589,4.7803,1.4310,-5.0036,-0.0154
-17.4604,-3.8925,7.4650,1.5342,-5.0036,0.9662
-14.5053,-2.0638,4.5823,1.2863,-5.0036,0.6225
-5.3378,-1.4949,-0.6138,-0.2427,-3.7583,-0.0418
-2.4574,-3.2393,0.2327,-0.4798,1.2353,0.0000
-7.8718,-2.7553,5.8271,-0.7698,3.8141,-0.0817
-8.7511,-1.9819,0.6173,0.0298,-3.6127,0.1109
-8.9815,-1.8634,0.6718,0.3204,-3.9744,0.1436
-9.9057,-1.2281,2.0524,0.9326,-4.7321,0.2715
-13.4680,-0.9314,5.6183,1.0356,-5.0036,0.9026
-14.0668,-3.4301,5.5819,1.3230,-5.0036,1.0531
-10.8885,-2.8923,5.9605,1.0038,-5.0036,0.0351
-4.3831,0.1866,9.0945,1.2303,-4.2736,-0.6353
-8.0076,-3.7442,1.0367,0.8303,-2.3127,-0.3079
-7.9334,-3.3087,2.0357,0.9116,-2.7148,-0.3433
-9.7795,-2.5968,4.3807,0.4458,-3.5517,-0.2808
-12.3212,-2.1655,5.0130,1.2228,-5.0036,0.2987
-11.6249,-4.2999,3.6054,0.9475,-5.0036,0.2443
-9.1490,-3.1717,4.1587,1.5456,-5.0036,-0.4447
-5.6148,-0.3984,7.1067,1.1426,-4.1119,-0.5748
-2.9713,1.0050,9.0670,0.8361,-1.9212,-0.1857
-3.5683,-1.2933,7.2861,-0.3172,0.4074,0.2905
-5.0142,-2.8505,6.6030,-0.2958,2.4024,0.3406
-6.8040,-2.0447,-1.0816,-0.1315,-2.8233,0.2149
-6.8040,-2.0447,-1.0816,-0.3479,-3.3142,0.2149
-9.0969,-0.7388,-0.9398,-0.1336,-4.6872,0.3207
-12.4355,-1.7306,-1.2987,0.0793,-5.0036,0.5933
-13.2945,-1.6786,-1.0893,0.8205,-5.0036,0.7225
-13.1492,0.1765,2.3067,1.1556,-5.0036,0.7613
-11.1416,0.1202,5.4437,0.6191,-5.0036,0.8273
-8.1015,-2.7141,6.8441,0.5231,-3.7529,0.0866
-6.7777,0.1705,6.5216,-0.2718,-1.6997,-0.5767
-7.0271,0.6275,5.7398,0.0803,0.5501,-0.4852
-6.0844,-1.1617,0.2028,-0.1080,-1.2649,-0.0243
-6.3165,-0.6969,0.3565,-0.3108,-1.6874,0.0589
-7.9292,-0.4702,-0.9356,-0.4566,-2.9428,0.3141
-10.2221,-2.6076,-1.6863,0.1744,-4.6491,0.4872
-11.5113,-1.3340,-1.5948,1.0304,-5.0036,0.2825
-11.9486,-1.0654,2.1404,1.2171,-5.0036,0.6490
-10.4088,-1.0128,4.6684,0.9733,-5.0036,0.5333
-9.1232,-0.4971,10.2604,1.1535,-4.9981,0.0730
-9.9254,-0.5462,2.2624,0.0278,0.0816,0.2692
-9.9254,-0.5462,2.2624,0.0907,0.0816,0.2692
-10.0451,-0.6616,2.9904,0.1707,0.1652,0.3209
-11.7745,-3.6257,0.2889,-0.2769,0.4191,-0.1261
-14.1230,-4.9478,1.4997,0.3103,0.5599,-2.2947
-13.4225,-4.1426,4.5625,0.6296,-0.4783,-4.4434
-11.0357,-2.3127,6.5755,0.8018,-2.2744,-5.0036
-8.5956,-2.7751,2.3318,0.8839,-3.1234,-4.6554
-3.6568,-3.0114,1.3663,0.7857,-2.6910,-3.5627
-0.1376,-3.9380,4.2670,0.4183,-1.3622,-1.5156
-10.8185,-2.8684,-1.5595,1.1787,-0.9183,-1.7266
-10.8185,-2.8684,-1.5595,1.1787,-0.9183,-1.7266
-11.0710,-3.2638,0.1376,0.8170,-1.4117,-2.4899
-11.7894,-2.9318,1.4506,0.9534,-2.5464,-3.8174
-11.1942,-2.5771,3.3954,1.1452,-3.5618,-4.2605
-8.2319,-3.6287,4.0427,1.5053,-4.2994,-3.7835
-5.1422,-3.4259,3.4690,0.7101,-3.9561,-2.5331
-2.3755,-5.2122,2.3055,0.5319,-2.1538,-1.1579
-3.0706,-5.5101,4.6989,0.3233,-0.1724,-0.1576
-4.7390,-5.5735,6.7017,0.0315,1.2966,1.0534
-10.8012,-0.7388,-0.0586,-0.1717,-1.2489,-1.8295
-10.8012,-0.7388,-0.0586,-0.4316,-1.5618,-1.8295
-11.8499,-1.4237,-0.5641,0.2870,-2.7290,-2.6780
-12.8046,-1.8796,-0.3829,0.0163,-4.0233,-3.2825
-12.0742,-2.1129,-1.3077,0.9936,-4.6753,-3.6602
-9.9410,-2.8929,0.0479,1.0631,-4.7670,-4.1189
-7.0265,-3.3984,4.7934,1.9288,-4.3979,-3.5036
-3.2435,-3.9350,5.5801,0.4788,-3.0972,-2.3098
-0.5713,-4.8969,5.8056,0.1793,-0.8322,-1.0869
-10.0732,-0.0084,-0.3846,-0.1750,-0.5649,-0.5487
-10.0732,0.0933,0.0634,-0.1750,-0.5649,-0.5487
-11.3982,-1.7635,-1.4548,-0.6119,-1.4630,-1.3091
-12.9045,-3.1334,0.3541,0.0615,-2.6345,-2.7238
-13.4447,-3.4971,1.2508,0.2049,-3.9002,-3.6631
-12.5868,-4.7515,1.9711,0.4181,-4.8733,-4.2551
-11.0297,-3.4869,1.7659,0.4152,-4.9978,-4.5112
-6.5252,-4.2347,4.8275,1.3069,-4.7154,-4.0152
-1.4160,-4.0313,4.6702,0.6272,-3.4245,-3.0029
-10.0522,-4.3651,-0.5468,-0.0906,-0.7844,-1.4780
-10.0522,-4.3651,-0.5468,0.7115,-1.0875,-1.4780
-10.3346,-5.7314,2.6644,0.1810,-2.3527,-2.5462
-14.6369,-0.4774,3.6054,0.9114,-4.9871,-4.0545
-13.7647,-0.9781,1.7952,0.8204,-5.0036,-3.2599
-7.2861,-6.3912,-0.5809,1.1138,-4.5059,-2.9819
-3.7998,-3.5300,3.1430,0.1048,-1.9870,-2.8214
-10.1510,-0.2776,-2.9994,-1.3835,-0.5760,-0.9609
-10.1510,-0.2776,-2.9994,-1.0907,-0.7155,-1.1128
-10.8455,-0.5462,-1.1886,0.9181,-1.3189,-1.8918
-12.4331,-1.1324,-1.6217,0.2185,-2.3819,-2.6093
-12.4528,-2.6381,-1.0768,0.5736,-3.2269,-3.1484
-10.9705,-4.4267,0.5306,0.9032,-3.8120,-4.0731
-8.5226,-3.0036,2.3815,2.1725,-4.2634,-3.9065
-9.3972,1.4836,-1.6164,-1.0287,-0.5395,-0.3731
-9.7448,2.0088,-1.6750,-1.0650,-0.6657,-0.3932
-10.8706,2.6273,-3.2943,-1.0188,-0.9809,-0.4362
-12.1053,0.4636,-5.2463,0.6055,-1.2022,-1.1813
-12.3159,-1.5290,-1.5176,0.4076,-1.7962,-2.9347
-12.1484,-1.8197,2.4592,1.1516,-2.9102,-3.7903
-11.3498,-2.1559,3.8297,0.6597,-4.1501,-3.8669
-10.5404,-2.8881,1.7252,1.1261,-4.6395,-3.5172
-6.2752,-4.5129,0.9703,2.1396,-4.0473,-2.8779
-2.8977,-4.5266,6.5300,2.0569,-2.7891,-2.0740
-10.1216,1.5727,-2.2666,-0.1297,-0.5005,-0.4950
-10.0289,1.9448,-1.7157,0.1086,-0.6753,-0.5942
-11.0046,1.3304,-0.8740,-0.4939,-1.3248,-0.8059
-11.1398,-2.0949,-0.4493,0.4284,-2.3416,-1.5626
-12.1723,-0.6628,0.5575,-0.0315,-3.4273,-2.5830
-11.5998,-2.4299,2.3713,0.7601,-4.2154,-2.9007
-10.7677,-3.8369,4.6516,0.5310,-4.7593,-3.3701
-9.9996,1.0612,-4.2461,-0.3167,-0.2792,-0.0887
-9.9996,1.0612,-4.2461,-0.3167,-0.2792,-0.0887
-11.0913,0.2100,-4.5129,0.2492,-0.5185,-0.2929
-11.4891,-0.7137,-2.6782,0.3965,-1.0947,-0.9485
-10.2550,-2.2223,-2.3527,1.0983,-1.7810,-1.7092
-10.2377,-1.5529,0.2441,1.4485,-2.8312,-2.1988
-10.7186,-1.8909,2.8343,2.2918,-3.9703,-2.1779
-11.2050,-3.2961,3.3194,1.7307,-4.7498,-2.1619
-7.9753,-3.2967,5.7715,1.8894,-4.4871,-2.2275
-4.4638,-1.8556,7.2634,0.8325,-3.3734,-1.7391
-1.9340,-2.2086,8.4598,0.7934,-1.4792,-0.8680
-9.3996,-0.7442,-1.4501,-0.0467,-2.1458,-1.2365
-9.3996,-0.7442,-1.4501,-0.0467,-2.1458,-1.2365
-9.2459,-1.9902,-0.2195,1.1616,-2.7994,-1.5441
-10.1414,-1.6522,-0.8160,1.4972,-4.2515,-1.9326
-11.1512,-3.8303,2.5831,2.2448,-5.0036,-2.4490
-10.8365,-2.0961,9.4187,1.7666,-5.0036,-2.7052
-5.4449,-1.5464,7.3214,0.1045,-5.0036,-1.8871
-2.4150,-1.6929,3.8429,-0.6046,-2.7261,-0.3800
-3.3793,-2.6985,3.5318,-0.6932,-0.0732,0.9465
-9.2040,-0.3823,-0.9553,-0.6032,0.2969,-0.0702
-9.2160,-0.5982,-1.4285,-0.7495,0.0331,-0.1151
-9.4469,-0.8895,-3.8339,0.1064,-0.8147,-0.3706
-10.2311,-2.1434,-1.1892,0.9514,-2.4285,-1.0411
-11.3521,-1.9980,2.3234,1.1049,-4.2938,-1.4948
-12.0802,-3.2895,3.2901,1.1527,-5.0036,-1.6767
-11.6985,-2.9019,2.9755,1.0007,-5.0036,-1.8848
-8.4335,-2.2899,6.1047,1.4200,-5.0036,-1.6463
-4.2808,-2.0171,7.1198,0.3239,-4.2052,-1.0876
-2.3234,-2.3797,6.5982,0.0733,-1.6535,-0.3824
-3.9870,-3.2650,5.5011,-0.5418,1.2058,0.4310
-8.9420,-2.0369,-4.7139,0.2127,-0.2164,-0.4869
-8.7488,-2.0680,-3.3111,0.5499,-0.4336,-0.7326
-10.0325,-0.5426,-0.7394,0.3146,-1.3967,-1.4577
-11.9611,2.2953,0.9170,0.3625,-3.2912,-1.7605
-12.3434,-1.2676,-0.1161,0.5654,-4.8367,-1.4531
-11.6853,-3.8076,0.6401,1.4980,-5.0036,-2.0343
-10.5159,-3.7268,4.1575,1.3677,-5.0036,-2.8385
-9.5336,-0.9290,6.6867,1.4873,-5.0036,-2.4354
-4.1827,-1.4776,8.1643,0.9369,-4.6061,-1.3488
-12.3392,-1.7031,1.6786,-0.1752,-2.0107,-2.0986
-12.2333,-1.6798,1.9519,-0.1969,-2.4091,-2.2828
-13.2365,-1.9531,2.8672,0.2950,-3.5594,-2.7463
-13.5488,-1.8843,2.6315,-0.3793,-4.9741,-3.1295
-11.8660,-0.9117,-0.9087,-0.2500,-5.0036,-2.7884
-9.3954,-3.6455,0.7831,1.2903,-4.4692,-2.8344
-6.0616,-3.1717,4.6516,1.8503,-3.7347,-2.8278
-9.6676,-0.4576,-1.7695,0.5191,-1.5302,-1.2894
-9.6676,-0.4576,-1.7695,0.5191,-1.5302,-1.2894
-9.7962,-0.7454,-1.2215,0.6022,-2.4051,-1.5852
-11.4431,-1.4004,2.1386,1.8665,-4.0047,-2.1382
-12.6646,-2.5083,4.3466,1.3850,-5.0036,-2.1331
-12.6263,-4.7982,5.7290,1.0234,-5.0036,-2.1432
-8.0800,-4.2873,5.0686,0.2505,-4.9924,-2.4097
-3.5414,-2.8481,4.9137,0.1750,-2.9822,-1.9853
-11.7972,1.3071,-2.8851,0.1671,-1.5137,-0.9067
-11.7972,1.3071,-2.8851,0.1671,-1.5137,-0.9067
-12.1202,-0.0239,-2.3761,0.7995,-2.1964,-1.4235
-13.9896,-0.4487,-2.1176,-0.4262,-3.3468,-2.5785
-13.0152,1.1402,-2.3755,0.8358,-3.8275,-2.9004
-10.0911,-0.7585,-0.1741,0.8624,-4.1204,-2.5469
-6.5444,-5.5065,3.3308,1.4195,-4.3232,-2.9262
-6.6562,-1.9848,6.1340,1.1507,-4.0225,-2.7776
-11.0812,0.2363,-1.1168,-1.4522,0.2185,-0.3919
-11.0812,0.2363,-1.1168,-1.4522,0.2185,-0.3919
-12.2357,0.7783,-2.3527,-0.6177,-0.2634,-0.6585
-12.8889,1.1288,-3.4768,-0.1623,-1.3554,-1.2300
-11.3109,-1.3220,-3.0939,1.2906,-2.3358,-1.7547
-10.6295,-0.9488,0.2830,0.7369,-3.5800,-2.2257
-8.5549,-2.2953,2.4233,1.8045,-4.6620,-2.2958
-7.8610,-1.6546,2.3821,1.2075,-5.0036,-2.3549
-6.0832,-1.1061,3.6760,2.8511,-4.4563,-2.1024
-11.9701,-3.2620,2.8134,-0.0060,-0.6953,-1.0117
-11.5083,-3.0778,2.8008,-0.0877,-0.9557,-1.1874
-11.1117,-2.5968,3.6407,0.0939,-1.7210,-1.6550
-10.3155,-2.2032,4.3950,0.0373,-3.0505,-1.9844
-9.6491,-2.2475,1.7827,-0.0867,-3.7067,-1.8060
-7.8395,-3.4947,1.4387,0.0594,-3.3686,-2.0618
-6.1537,-3.3033,4.1228,0.6993,-2.6008,-2.3854
-3.7394,-3.3535,6.1238,0.6767,-1.9169,-2.1710
-1.6337,-4.2574,8.2738,0.9800,-1.1278,-1.5947
-1.5093,-3.5462,7.5374,0.2660,-0.1078,-0.6723
-11.3486,2.2116,2.4239,-0.1208,0.4588,0.4963
-11.4676,2.5872,2.5190,-0.3080,0.4812,0.5666
-11.8708,0.7711,0.6628,-1.2178,0.5524,0.7136
-11.8887,-0.4642,0.4923,0.6257,0.8589,-0.1666
-12.1436,-1.7019,1.8066,-0.5075,0.3653,-1.6264
-12.1837,-0.5234,1.9065,0.7285,-0.9122,-2.9699
-10.5230,-0.7304,2.6686,0.6935,-2.5363,-3.4163
-8.8020,-1.3226,3.0431,1.0111,-3.7104,-3.5737
-7.4231,-2.6327,4.1300,0.9887,-4.2023,-2.8947
-10.2939,-0.0508,-0.1950,0.7020,-1.4537,-1.1999
-10.2263,-0.1430,0.4911,0.6658,-1.8007,-1.3138
-10.8963,0.2620,1.9651,0.3227,-2.8973,-1.6035
-11.6620,-0.6861,2.8044,0.1596,-4.4112,-1.8135
-11.7679,-1.5470,0.1202,0.1324,-4.9831,-1.9441
-10.4052,-2.8726,0.5001,0.3375,-4.8483,-2.3445
-8.1745,-2.5507,5.9988,0.5359,-4.4133,-2.7414
-4.9741,-0.5958,6.7292,0.8517,-3.6537,-2.0933
-2.2062,-2.1350,7.3675,0.2579,-2.0319,-0.7662
-13.0702,-1.1701,-2.9354,0.5273,-0.7185,-0.9717
-12.8788,-0.8411,-2.7476,0.5672,-0.9308,-1.1139
-13.3878,-0.2913,-0.7825,0.1043,-1.6110,-1.4989
-12.8285,-0.7753,0.9529,0.2897,-2.7423,-2.0189
-10.6373,-1.1629,0.6670,0.1148,-3.6429,-2.2431
-8.8337,-2.4473,-0.6724,-0.3742,-3.5968,-2.5456
-6.8201,-1.9854,2.6925,0.2002,-3.4062,-2.6738
-4.5344,-1.1342,3.2632,0.0826,-3.1915,-2.2231
-3.5982,-3.0078,6.2369,0.3826,-2.2987,-0.9745
-3.9571,-6.7513,5.5202,0.4264,-0.8760,-0.1634
-5.6512,-7.1402,6.2602,0.5319,0.5654,0.1694
-14.2846,1.3101,-0.1436,0.0098,-1.5624,-1.0418
-14.2846,1.3101,-0.1436,0.0098,-1.5624,-1.0418
-14.8798,0.0760,0.0162,-0.3338,-2.1773,-1.5612
-14.0722,-0.7436,-1.6804,0.3726,-2.7889,-2.8211
-13.4722,1.8658,-1.0792,-0.2598,-3.0714,-2.8909
-10.1557,-1.0881,-0.6156,1.2375,-3.1829,-2.6571
-5.7266,-2.7805,-0.7053,0.9197,-3.3369,-2.9555
-3.1232,-2.8869,4.2078,1.1522,-3.2654,-3.1282
-2.4114,-2.4006,9.4696,1.8141,-2.9471,-2.3301
-1.6391,-3.7472,10.4507,0.8603,-1.7381,-1.0916
-1.6965,-4.8233,7.1539,-0.0338,-0.0739,-0.2266
-10.3693,0.2357,-2.9611,-0.4597,-0.0637,0.1469
-10.3920,-0.3523,-3.2650,-0.4597,-0.1197,0.2039
-11.0919,0.6305,-5.4443,-0.6248,-0.1452,0.2711
-11.2941,1.3980,-10.0774,1.2465,0.9679,0.6513
-10.4189,2.5184,-11.8965,1.1513,3.1893,1.3520
-11.3755,-0.7352,-7.7976,1.7129,5.0022,1.4728
-10.9113,1.8736,-4.5500,0.4470,5.0036,1.2396
-6.9864,1.3322,-2.9785,1.0528,4.7137,0.9313
-3.2907,0.3882,-1.9543,0.2695,2.3199,0.4785
-1.7773,-0.7244,-3.0592,1.2598,-0.4389,-0.2560
-12.5599,1.4387,-6.7633,-0.4537,1.7617,0.5730
-12.5599,1.4387,-6.7633,-0.1379,2.1834,0.5730
-13.2814,2.2457,-7.6062,0.1217,3.4082,1.0489
-14.4078,0.0299,-8.1093,0.2668,5.0036,1.6312
-13.0122,-3.5228,-5.6094,1.5525,5.0036,0.6443
-9.7466,1.3561,0.7968,-0.0667,5.0036,-0.1616
-5.1811,2.9856,-3.4217,-0.0275,3.5890,0.8821
-1.4088,-0.8818,-5.0997,0.3743,2.0456,0.7868
-10.4554,0.7292,-3.8800,-0.7077,0.2941,-0.2607
-10.4554,0.7292,-3.8800,-0.7077,0.2941,-0.2607
-10.8592,1.3591,-4.3711,0.1419,1.6483,0.1011
-12.3416,2.7960,-5.1906,0.0411,3.8341,1.0591
-13.0750,-1.4967,-4.5529,1.1464,5.0036,1.2573
-12.7256,2.2026,-2.7858,-0.0457,5.0036,0.4760
-10.0834,1.7318,-4.5332,0.5362,4.9743,0.8254
-6.6885,1.5278,-7.0672,0.2486,4.2889,0.9056
-9.2788,-0.9709,-1.4836,-0.2520,0.3048,-0.3398
-9.5755,-1.1731,-1.4859,-0.0270,0.7407,-0.3253
-11.0578,-0.1065,-1.3932,0.3413,2.0595,-0.1993
-12.5695,0.6849,0.3105,-0.3493,3.7344,0.2585
-13.3537,-0.2225,-0.1167,0.7753,4.6421,0.7711
-13.7886,-2.1661,-2.9767,-0.0402,5.0036,0.4362
-12.3009,-1.7629,-4.5894,0.9175,5.0036,-0.4585
-9.9177,1.5039,-5.2080,-0.4421,5.0036,-0.1278
-6.6245,-2.1882,-8.2534,1.7741,4.9117,0.2196
-9.5228,0.5252,-1.4961,-0.3720,-0.6738,-0.3123
-9.4726,-0.6485,-2.0542,0.1871,-0.2943,-0.0997
-9.3649,-1.4279,0.4600,1.5566,0.9113,0.3093
-10.9992,-1.6576,0.7137,-0.0486,2.3772,0.6794
-13.1587,0.0126,0.0610,1.1362,3.3723,0.8986
-13.4261,-0.9655,-1.3172,1.0169,4.0997,1.0044
-12.8800,-0.0491,-2.2618,0.7387,4.6919,0.8341
-12.4702,-0.0245,-4.1103,0.3473,5.0036,0.8610
-10.7940,-0.5605,-6.1681,0.2931,5.0036,0.7185
-8.4610,-0.1029,-4.8676,0.1993,4.9689,0.3114
-5.1721,0.8913,-3.2046,0.1323,3.5600,0.3419
-1.9310,-0.0622,-4.1151,1.4400,1.5707,0.1616
-9.6096,-0.6030,2.5083,-0.1626,-0.0162,-0.3268
-9.6096,-0.6030,2.5083,-0.1626,-0.0162,-0.3268
-9.6299,-0.8303,1.7420,0.0814,-0.0635,-0.3386
-10.5523,2.1571,-0.2997,0.4472,0.3917,0.0820
-11.4455,4.8329,-8.0333,0.4771,2.3389,1.7976
-14.2511,4.3980,-7.7737,1.3459,4.9924,3.2150
-17.4814,4.0750,-2.3934,1.6635,5.0036,3.8263
-11.7972,-1.1737,1.0427,1.3744,4.9633,3.0727
-5.7015,-1.7761,-0.1615,0.7746,2.6359,1.0040
-10.4907,-0.1633,1.4327,0.2060,-0.5770,-0.4974
-10.5356,-0.4750,1.8957,-0.1014,-0.4933,-0.3864
-10.9029,-0.1137,1.1474,-0.7139,-0.2940,-0.0435
-10.8449,-0.9362,0.7621,0.5223,0.2123,0.4242
-11.3204,0.4546,-3.0784,0.5736,1.1686,0.8761
-12.9224,3.7454,-4.8903,0.4320,3.0861,1.7802
-13.5673,4.6780,-4.9597,-0.1191,4.6997,3.3086
-13.9849,2.7637,-4.9693,0.6677,5.0036,4.3121
-11.7595,3.1681,-4.5930,1.1454,5.0036,3.9208
-6.7472,1.2269,-2.5400,1.3691,4.4550,2.7480
-10.6379,1.7169,-1.9579,-0.2237,-1.8618,-1.0470
-10.6379,1.7169,-1.9579,-0.2237,-1.8618,-1.0470
-10.1916,2.1380,-4.8144,-0.7315,-1.0796,-0.4847
-10.9711,4.1498,-5.6160,1.0075,1.8477,1.3106
-14.3815,4.8191,-6.6766,0.6254,4.5369,3.1093
-17.2738,5.5717,-5.8869,1.3693,5.0036,4.1629
-15.5653,2.9276,-4.1827,1.4653,5.0036,4.3987
-9.4762,1.1629,-2.0836,1.3664,5.0036,3.5766
-2.9067,-0.7986,-1.1192,0.8373,3.8788,2.3344
-9.5827,1.8909,-2.5525,-0.8520,-1.9775,-0.9604
-9.5827,1.0301,-3.2351,-0.8520,-1.9775,-0.9604
-9.3171,2.4790,-3.9224,0.0577,-0.9966,-0.2469
-10.3155,4.4435,-4.3005,-0.0053,1.5247,1.3838
-13.9310,4.4913,-4.5470,1.8969,4.1426,2.8456
-16.7725,5.7117,-2.6130,0.6996,5.0036,3.9859
-16.3998,5.2044,-3.2357,1.3421,5.0036,4.5945
-11.6459,3.9284,-2.4150,1.3241,5.0036,4.2448
-6.0873,1.7169,-3.0826,0.3994,4.1342,3.3344
-11.3803,6.8853,-5.9850,-0.5457,-3.1072,-1.4788
-11.3803,6.8853,-5.9850,-0.5457,-3.1072,-1.4788
-9.3362,9.2381,-8.0237,0.9134,-1.7051,0.3334
-10.5841,5.5268,-9.6341,0.6481,2.3515,2.3699
-13.8975,6.5599,-2.4269,1.5632,4.6172,3.2658
-13.1169,5.9246,-3.4229,0.9786,4.9874,3.7011
-10.1773,5.0046,-2.4233,1.7773,4.7794,3.1925
-5.5531,3.1837,-2.4646,0.2017,3.7237,2.4062
-1.4602,1.9388,-5.1015,0.6384,2.4711,1.0099
0.0132,3.4666,-4.7719,0.0761,1.4354,-0.1013
-9.5426,2.9653,-0.3769,-0.4606,-2.0969,-1.5130
-9.5426,2.9653,-0.3769,-0.4606,-2.0969,-1.5130
-8.7236,2.4628,-1.5661,-0.8063,-1.4560,-0.7559
-9.1914,4.7886,-4.4297,1.1745,0.4620,1.0246
-11.2457,3.0072,-5.1691,1.0270,3.0618,2.6831
-15.4403,4.8538,-3.5761,1.4198,5.0010,3.4393
-16.9789,6.2267,-2.2421,0.8580,5.0036,4.3283
-14.9001,3.7436,-5.6985,1.0360,5.0036,4.6311
-9.3996,2.7835,-1.4315,1.6191,5.0036,3.4503
-3.7286,0.3117,-1.4082,0.5261,3.6079,1.7426
0.3972,1.1324,0.2309,0.4049,0.6147,-0.1732
-9.1143,2.3677,-1.7372,-0.8815,-0.6535,-0.6145
-9.1143,2.3677,-1.7372,-0.8815,-0.6535,-0.6145
-9.6491,2.6865,-3.3093,0.5651,0.4676,0.1495
-11.0578,4.0642,-1.1611,0.8073,2.5055,1.7689
-14.1404,4.6840,-2.7176,1.1478,4.1142,3.4254
-17.1350,6.1322,-3.8830,2.0191,5.0036,4.6027
-17.5137,4.2897,-6.0437,1.2649,5.0036,4.9654
-13.1025,4.2395,-0.8375,1.9256,5.0036,4.1933
-4.6074,0.3404,-1.7593,0.4875,4.4863,3.1269
1.4913,-1.0499,0.1836,0.8099,1.8225,0.7650
-9.1735,5.0195,-3.1938,-0.0786,-1.9271,-0.6814
-9.1735,5.0195,-3.1938,-1.0965,-1.5589,-0.6814
-9.1466,3.9990,-4.5930,-1.5695,-0.3742,0.4963
-10.3514,2.2708,-4.0158,2.3355,2.1192,2.2933
-12.5234,-1.7055,-3.7537,0.2511,3.9480,2.8921
-14.0877,1.7073,-3.4361,1.5142,5.0036,2.2990
-12.5821,3.4110,-3.3529,-0.3117,5.0036,2.4013
-8.7470,1.8012,-4.5446,1.1681,4.4367,2.0643
-6.0491,1.2275,-4.8544,0.1028,3.4111,1.5211
-2.8056,2.3444,-7.3831,0.0733,2.0175,0.7787
-2.0680,3.2632,-8.4951,1.3286,0.9455,0.1277
-10.1061,2.3186,-3.7555,-0.9302,-1.5716,-0.5915
-9.5611,2.9916,-3.3960,-0.9302,-1.5716,-0.3668
-10.4572,3.4020,-4.6134,-0.4186,-0.1097,0.4586
-11.2600,1.5422,-8.1852,0.5513,2.4612,1.8037
-13.4758,2.0327,-4.9286,1.1965,4.8802,2.0320
-15.4840,4.1366,-3.6150,0.6200,5.0036,2.4977
-13.0193,3.4648,-4.0690,0.5979,5.0036,2.8941
-8.7075,0.8297,-7.3406,0.9151,5.0036,2.4540
-3.4977,0.3326,-2.7176,1.0493,4.0609,1.1706
-0.3356,0.1759,-3.8285,0.2037,1.5133,0.2408
-10.0983,1.6726,-4.4943,-0.5950,-1.2283,0.0078
-10.0983,1.6726,-4.4943,-0.5950,-1.2283,0.0078
-9.8722,2.4909,-6.0951,-0.3896,0.1413,0.5279
-11.6070,2.6997,-7.4770,0.7657,2.9900,1.5999
-14.9946,2.5573,-5.9677,1.0311,5.0036,2.2940
-15.2189,3.0927,-4.5434,0.9875,5.0036,2.5203
-11.8235,2.3713,-4.0032,0.3531,5.0036,2.6466
-6.1382,0.0748,-5.0692,1.2741,4.8187,2.0615
-10.0947,2.7272,-5.2780,0.3986,0.2104,0.0559
-10.0947,2.7272,-5.2780,0.3986,0.2104,0.0559
-11.0441,1.7707,-6.1226,-0.0124,1.6932,0.6341
-12.9027,1.7079,-3.8022,0.8271,4.1217,1.1228
-14.4341,2.8199,-4.1450,0.2286,5.0036,1.9761
-12.5450,1.7892,-5.4897,0.3491,5.0036,2.2877
-9.6676,1.7575,-5.3037,0.6507,5.0036,2.1396
-5.3192,1.2030,-2.6387,0.5651,3.9735,1.5577
-1.6104,0.5372,-5.1936,0.2535,1.9038,0.9458
-9.1543,1.6612,-1.8879,-1.5134,-1.5151,-0.3361
-9.1543,1.6612,-1.8879,-1.5134,-1.5151,-0.3361
-8.8720,1.2233,-4.0600,-0.6981,-0.0171,0.4244
-10.6983,1.0857,-1.9214,0.3476,2.9522,1.7811
-14.9378,2.0943,-2.6088,0.2921,5.0036,2.9515
-17.0704,3.4134,-3.1280,0.1600,5.0036,3.5038
-15.2602,1.4985,-6.9069,0.7427,5.0036,3.4871
-10.1898,1.7659,-5.3946,1.1135,5.0036,2.4332
-9.7932,0.4367,-2.2576,0.1530,-0.4174,-0.4552
-9.7125,0.1807,-2.0321,-0.0040,-0.0353,-0.3323
-9.9057,0.9535,-1.6265,0.0735,1.0670,0.0822
-12.0257,3.1513,-2.1535,-0.1677,2.4181,0.9592
-13.7904,0.6144,-5.9288,1.5456,4.6572,2.0377
-15.1555,2.4006,-5.0973,0.3461,5.0036,1.9751
-13.2688,3.4241,-4.7665,0.9876,5.0036,2.3234
-8.0812,0.8865,-3.8441,0.3792,5.0036,2.2000
-9.7340,2.2750,-6.2495,0.4113,1.2917,1.1883
-9.7340,2.2750,-6.2495,0.4113,1.2917,1.1883
-11.5298,2.0399,-5.3575,1.1503,3.0670,1.6587
-15.1735,3.4786,-3.5964,0.3555,5.0034,2.2578
-16.0062,1.4895,-4.1276,1.8221,5.0036,2.5806
-12.9230,1.8383,-2.9773,0.9305,5.0036,1.9807
-9.0778,1.9400,-5.5699,0.6469,5.0036,1.7704
-3.6634,1.3693,-6.2393,1.2115,4.0381,1.1370
-9.9733,2.2223,-6.0407,-0.0483,-1.0626,-0.1607
-9.9733,2.2223,-6.0407,-0.0483,-1.0626,-0.1607
-10.3358,4.0481,-6.4714,0.0408,0.6706,0.4163
-12.5408,1.5529,-7.8150,0.8687,3.8167,1.5365
-15.6521,2.4867,-6.2459,0.5023,5.0036,1.7332
-15.4355,3.5228,-5.7033,1.3485,5.0036,1.7813
-10.7803,2.4120,-4.8156,1.1503,5.0036,1.8292
-4.0295,0.0897,-4.1157,2.0284,4.5115,1.3318
-10.2467,3.0491,-5.2289,-0.8641,-1.6467,-0.1492
-10.2467,3.0491,-5.2289,-0.8641,-1.6467,-0.1492
-9.5868,1.7994,-5.9713,-0.0475,0.5446,0.9937
-11.2331,0.5103,-6.3242,0.8740,3.8002,1.9332
-16.2604,1.3825,-5.9898,1.2851,5.0036,1.9520
-17.9408,4.3478,-3.8411,1.2084,5.0036,2.0209
-14.5262,2.5131,-5.0536,1.8207,5.0036,2.1296
-7.6983,0.9649,-5.9384,1.0255,5.0036,1.7393
-10.4895,1.3585,-5.3426,0.4241,1.5533,0.3522
-10.4895,1.3585,-5.3426,0.4241,1.5533,0.3522
-12.5025,3.0108,-6.1980,0.9036,3.1238,0.6538
-16.6594,2.9557,-7.9023,1.4218,5.0036,1.3728
-18.0862,3.6018,-3.9840,1.3186,5.0036,1.7562
-14.2523,1.2796,-4.9735,1.1631,5.0036,2.1901
-6.0066,0.0706,-0.1747,1.3775,5.0036,1.3496
0.3906,-1.9591,-2.4927,0.9236,2.0136,0.8190
-10.2203,1.3980,0.5013,-0.7344,2.2469,0.9253
-10.2203,1.3980,0.5013,-0.7344,2.2469,0.9253
-11.0560,0.5438,-2.0877,-0.0480,3.2672,1.6721
-14.1697,1.4542,-4.1474,-0.1688,5.0031,2.7872
-16.3244,-0.0054,-5.0536,0.0890,5.0036,3.1748
-15.0921,2.8648,-5.8726,0.1032,5.0036,3.0757
-9.2375,0.9888,-4.8724,1.4971,5.0036,2.5653
-2.5196,-0.5252,-2.2971,0.2700,3.7109,1.6231
-10.1103,-0.1125,-0.8207,0.4148,2.2190,0.5296
-10.3926,0.5216,-1.4417,0.5753,2.4323,0.5935
-11.7266,1.3525,-1.8114,0.2740,3.3556,0.9716
-13.9376,1.9860,-5.3288,-1.2656,5.0036,1.8416
-14.0453,-0.2171,-6.1681,0.3842,5.0036,2.4325
-12.0844,1.1509,-7.6439,-0.9053,5.0036,2.3761
-5.0949,0.5061,-4.5314,1.4901,5.0036,1.3746
0.5043,0.4283,-3.5862,-0.3021,2.2109,0.8317
-9.8417,1.6211,-0.1304,-0.8541,2.3561,1.4025
-10.5440,1.4381,-1.7312,0.2648,2.6287,1.5992
-12.3033,3.2285,-3.8058,1.0117,3.9381,2.2738
-17.1990,1.8467,-8.3827,1.2575,5.0036,3.3219
-18.2130,0.5683,-3.6784,2.6400,5.0036,2.6209
-14.8983,3.8865,-1.5266,-0.4528,5.0036,2.8052
-6.4475,0.1555,-8.4347,0.6774,5.0036,2.5270
-1.0899,-0.1208,-3.9482,0.7196,3.9176,1.0160
-11.5938,4.1318,-5.0130,0.9965,3.1554,1.3694
-11.7721,4.7390,-5.4185,0.5258,3.6322,1.6377
-13.3220,5.0955,-5.5926,-0.7853,4.5578,2.3385
-15.9948,2.1882,-5.2684,1.0938,5.0036,3.4227
-13.9896,1.6756,-4.6229,0.0571,5.0036,3.7051
-8.4754,-0.0419,-6.5498,0.1281,5.0036,2.8546
-2.4072,1.8156,-4.1157,0.9775,4.6514,1.7585
-10.8389,2.2277,-4.6792,-0.3534,0.2764,0.1112
-11.0853,2.0901,-5.6812,0.0644,0.4326,0.1604
-11.8762,5.1452,-5.3204,0.7627,0.9209,0.3662
-12.4648,6.7693,-11.4281,-0.4105,2.6628,2.0977
-13.3561,2.6183,-8.6477,1.9711,5.0036,2.2915
-13.0840,5.0363,-2.9438,0.9053,5.0036,2.1956
-6.6413,2.7966,0.0233,1.9119,4.6123,2.1108
-2.4939,0.7184,1.0439,0.1848,2.2245,1.8618
-0.4594,-2.6028,-2.1386,1.0230,-0.7619,0.5602
-10.7192,-0.1657,-3.0951,-0.1506,0.7729,0.4284
-10.7192,-0.0694,-2.7996,-0.1506,0.7729,0.4284
-11.2211,1.8353,-3.5641,-0.5887,1.5580,0.6074
-13.5972,5.6279,-6.8423,0.0699,3.8269,2.1918
-17.2989,3.6568,-10.0863,1.0915,5.0036,3.4347
-17.6764,3.4941,-6.3302,0.4989,5.0036,3.4833
-11.4670,2.6261,-1.5458,2.0873,5.0036,2.9317
-0.2381,-0.7878,3.1537,0.9775,4.0795,1.8008
3.3386,-2.4311,-1.4142,1.1102,-0.1669,0.3441
-10.3382,1.7545,-3.8100,-0.6561,-0.9412,-0.2708
-10.3382,1.7545,-3.8100,-0.6561,-0.9412,-0.2708
-10.7001,5.1811,-5.1326,0.3748,0.3893,0.1064
-14.9516,5.8678,-9.1741,0.4019,3.6605,2.4351
-19.5996,4.2568,-8.9539,1.5145,5.0036,3.4699
-19.4734,4.3208,-5.8283,0.8783,5.0036,3.9630
-11.6530,2.5549,-0.7184,1.5168,5.0036,3.6238
0.1675,-2.1003,2.0991,1.2558,4.7165,2.3631
-9.6239,1.0774,-3.6126,-1.3508,-1.2958,-0.1993
-9.6239,1.0774,-3.6126,-1.3508,-1.2958,-0.1993
-9.0197,2.3013,-4.1456,0.2651,0.1205,0.3790
-11.2929,4.5703,-5.7835,-0.5092,2.9633,2.0934
-17.4215,5.4867,-8.2899,1.1478,5.0036,3.5928
-19.5996,4.9831,-7.0199,0.7165,5.0036,4.4176
-17.4473,4.0487,-3.4606,2.1084,5.0036,4.2564
-5.7541,0.0455,-0.2106,1.2141,5.0036,3.3607
3.7938,-3.2088,2.8875,1.3773,2.4389,1.2992
-8.5956,2.2271,-2.3037,-0.1909,-0.2295,0.0270
-8.5956,2.2271,-2.3037,-0.0699,0.1565,0.0270
-9.5892,4.2766,-3.5348,0.0046,1.5091,0.9354
-13.3454,4.9537,-5.5837,1.0229,4.2202,2.7394
-17.7272,3.4289,-5.9444,1.0597,5.0036,3.9101
-19.1880,3.9111,-6.8716,1.2376,5.0036,3.9573
-14.6626,3.1926,-4.1019,1.4284,5.0036,3.4893
-5.8780,0.7513,0.9069,0.5408,5.0036,2.9746
2.6752,-3.3625,-0.8548,-0.4212,2.0264,1.1845
3.0221,-0.8243,-4.0905,0.2947,-1.0188,-1.2607
-8.9791,1.2652,-0.8871,-0.9151,-0.8954,-0.4704
-8.9791,1.2652,-0.8871,-0.9151,-0.8954,-0.4704
-9.2088,2.1099,-4.8497,0.2860,0.0392,0.0347
-11.5310,6.4469,-6.8405,0.5928,2.7046,1.5467
-16.3537,4.4638,-8.5998,1.6724,5.0036,3.1250
-19.2263,5.0578,-5.6949,1.0710,5.0036,3.6876
-16.8634,4.7121,-4.6301,1.5756,5.0036,3.8068
-8.3970,1.9161,-1.1994,1.0643,5.0036,3.3836
-9.3793,1.1444,-3.2680,-0.2303,-0.5287,-0.4705
-9.0275,1.4345,-3.6299,-0.2303,-0.1445,-0.3286
-9.0293,3.5773,-3.7902,0.5078,1.2532,0.3180
-11.5232,4.4830,-6.4798,-0.2085,3.4360,1.7466
-15.1741,4.1228,-6.3948,1.0602,5.0036,3.6259
-17.2217,4.8987,-5.4455,0.4791,5.0036,4.2444
-15.1047,3.8997,-6.9990,1.8010,5.0036,4.2225
-7.6965,1.5799,-2.3749,0.2743,5.0036,3.4755
-8.7607,3.0431,-4.9358,-0.3613,1.5327,0.8554
-8.7607,3.0431,-4.9358,-0.3613,1.5327,0.8554
-10.3753,4.6953,-5.9037,1.4320,2.7845,1.7301
-13.7103,4.9184,-7.8814,0.2854,4.9983,3.3497
-17.8798,2.0901,-9.7173,2.3896,5.0036,3.8288
-15.9500,2.4299,-5.5549,1.9279,5.0036,2.9274
-9.7041,2.1039,-2.9330,1.5398,5.0036,2.5241
-10.0295,5.7864,-7.1456,2.5643,2.0353,0.5789
-10.5852,6.0269,-8.1272,2.6137,2.6415,0.8943
-12.3494,4.9316,-8.6375,1.9166,3.9131,1.4587
-15.6981,2.7176,-7.6313,0.9366,5.0036,2.5484
-15.5312,0.7657,-7.3394,2.1397,5.0036,2.2695
-11.0507,0.6395,-4.4094,1.3998,5.0036,1.4033
-3.1645,-0.3290,-1.9029,1.8416,4.9236,0.7457
-9.7561,1.7922,-4.0319,-0.5829,0.6197,0.0553
-9.7561,1.7922,-4.0319,-0.5829,0.6197,0.0553
-9.8495,0.7974,-5.8152,0.4917,0.9290,0.0982
-10.1599,4.3962,-11.1296,-0.6249,2.4238,0.4872
-12.0658,3.5414,-11.9456,1.4070,4.9144,1.3841
-11.3085,1.7312,-6.6670,0.0096,5.0036,1.8172
-6.1394,-0.5904,-3.2124,1.9609,5.0036,1.4227
-0.2357,-1.2556,-1.3950,-0.0762,2.7193,0.6519
-10.7605,-0.8321,-2.8684,-1.2494,-1.0195,-0.2682
-9.9954,-0.3135,-3.0126,-1.2494,-1.0195,-0.2776
-10.7928,-0.0377,-3.1860,0.3079,0.2818,-0.1306
-11.1350,3.0000,-3.5354,-0.3790,1.9954,0.9740
-13.4979,2.3031,-6.2249,0.9213,4.4618,2.0580
-15.3757,2.9228,-5.5113,-0.0502,5.0036,2.7301
-14.2104,2.8564,-6.0963,0.7222,5.0036,2.8914
-9.2602,1.4369,-4.6762,1.3451,5.0036,2.2362
-2.8289,-0.0138,-3.8046,1.4390,4.0951,1.1625
-10.0822,-0.1842,-1.0995,-0.9166,-1.3740,-0.5455
-9.4959,0.4487,-2.0554,-0.6727,-1.0125,-0.4777
-10.5350,2.2792,-3.3416,0.1581,0.4003,0.0644
-12.2028,2.9318,-5.0507,-0.0834,3.3208,1.4387
-15.5091,1.7719,-4.9065,1.5157,5.0036,2.3923
-16.5344,1.5745,-3.1167,0.7708,5.0036,2.2762
-14.1637,2.3725,-5.3294,0.3865,5.0036,2.2162
-9.6622,1.4345,-5.8176,1.2523,5.0036,1.8520
-10.4130,0.8052,-0.8309,-1.4210,-1.8283,-0.5357
-9.9523,0.1352,-1.6349,-1.2570,-1.4642,-0.4436
-10.2042,1.4536,-2.9456,0.0302,-0.1541,-0.0988
-11.4586,2.4126,-3.4798,0.1886,2.4302,0.9924
-14.7057,1.6588,-3.0622,0.7572,4.9269,1.8204
-17.2403,2.1176,-4.1761,0.8627,5.0036,2.1564
-16.5787,3.0676,-5.0010,0.5583,5.0036,2.2788
-12.9655,2.5424,-4.7426,1.0229,5.0036,2.2263
-6.4373,1.1521,-3.9350,1.2622,5.0036,1.7759
0.3200,-1.2796,-1.2993,1.6910,3.4280,0.6483
-10.1880,0.7202,-3.2955,-0.7492,-1.5566,-0.2668
-10.1880,0.7202,-3.2955,-0.7492,-1.5566,-0.2668
-9.9529,1.0241,-3.4869,-0.2621,0.0267,0.1040
-11.3432,2.1416,-4.0140,-0.2871,2.8362,1.1223
-15.0897,1.5416,-4.5272,1.0922,5.0036,1.9670
-16.2969,3.4481,-4.3837,0.2404,5.0036,2.3263
-14.8762,3.0933,-4.6181,1.7168,5.0036,2.3535
-9.3356,0.2961,-4.8036,0.8141,5.0036,1.8665
-2.1852,-0.7842,-1.9789,1.5030,4.7405,0.6895
1.2598,-0.4265,-2.0782,0.6721,1.6101,-0.1991
