accX[mg],accY[mg],accZ[mg],gyroX[mdps],gyroY[mdps],gyroZ[mdps]
-1058.825889,-24.340239,6.403716,14793.7704,31455.38322,-4153.94405
-1022.891661,-40.930758,26.532594,-5494.665302,2870.518578,-2372.045292
-1026.491202,-27.511506,14.153436,-2641.335458,618.794424,-802.14092
-1021.729203,-27.93978,29.214405,-2526.743898,-716.19725,-1426.664922
-1022.952843,-22.994235,32.273505,418.259194,-1827.735382,-1145.9156
-1028.020752,-26.349048,17.691795,710.467672,1581.363528,-1340.721252
-1022.279841,-25.196787,34.588224,383.881726,-4434.693372,-1283.425472
-1027.65366,-27.02205,23.422509,120.321138,1117.26771,-1461.04239
-1025.879382,-24.401421,30.009771,343.77468,544.30991,-1398.017032
-1025.8182,-24.156693,27.756234,286.4789,97.402826,-1346.45083
-1024.665939,-22.198869,35.38359,286.4789,280.749322,-1375.09872
-1026.491202,-21.168972,27.389142,1145.9156,360.963414,-1329.262096
-1023.625845,-23.177781,31.233411,1059.97193,802.14092,-1455.312812
-1026.43002,-20.863062,29.336769,3432.017222,-733.385984,-1283.425472
-1023.809391,-24.523785,27.756234,11.459156,1380.828298,-1592.822684
-1023.442299,-23.973147,27.144414,693.278938,1541.256482,-1512.608592
-1023.503481,-23.973147,28.062144,63.025358,-166.157762,-1472.501546
-1024.298847,-22.871871,25.4925,-532.850754,-211.994386,-1409.476188
-1024.604757,-24.646149,28.000962,-492.743708,-315.12679,-1598.552262
-1024.115301,-24.217875,27.817416,-234.912698,-85.94367,-1455.312812
-1024.910667,-24.034329,25.676046,-360.963414,-567.228222,-1506.879014
-1025.573472,-22.321233,21.597246,-11.459156,-51.566202,-1546.98606
-1023.503481,-23.606055,26.226684,-211.994386,-378.152148,-1529.797326
-1024.115301,-24.340239,24.156693,-148.969028,613.064846,-1340.721252
-1025.328744,-23.361327,24.279057,-51.566202,469.825396,-1409.476188
-1023.625845,-23.544873,27.266778,-103.132404,85.94367,-1443.853656
-1024.237665,-22.02552,27.450324,45.836624,-166.157762,-1398.017032
-1025.879382,-22.198869,22.994235,120.321138,-17.188734,-1392.287454
-1025.267562,-22.137687,25.859592,-263.560588,63.025358,-1461.04239
-1025.940564,-22.871871,22.688325,63.025358,-796.411342,-1346.45083
-1023.258753,-23.483691,29.275587,-85.94367,315.12679,-1392.287454
-1024.176483,-23.850783,28.673964,-114.59156,194.805652,-1529.797326
-1022.463387,-22.749507,32.508036,-28.64789,-154.698606,-1409.476188
-1024.115301,-23.300145,29.336769,1111.538132,842.247966,-1443.853656
-1023.503481,-23.300145,26.10432,-85.94367,630.25358,-1426.664922
-1024.849485,-22.321233,24.890877,-51.566202,63.025358,-1409.476188
-1024.421211,-22.933053,25.441515,-183.346496,166.157762,-1443.853656
-1025.022834,-22.382415,22.260051,-85.94367,166.157762,-1380.828298
-1024.176483,-20.924244,25.257969,45.836624,-154.698606,-1392.287454
-1023.870573,-22.565961,26.10432,68.754936,-154.698606,-1415.205766
-1023.442299,-19.88415,26.043138,-45.836624,-217.723964,-1443.853656
-1025.695836,-20.312424,21.230154,-280.749322,45.836624,-1357.909986
-1022.524569,-21.780792,30.743955,-17.188734,-137.509872,-1409.476188
-1024.115301,-21.168972,26.10432,-297.938056,-234.912698,-1380.828298
-1024.115301,-22.627143,30.132135,-194.805652,-114.59156,-1409.476188
-1024.665939,-21.903156,26.777322,-229.18312,0,-1472.501546
-1025.084016,-22.382415,26.349048,-45.836624,-464.095818,-1506.879014
-1025.389926,-23.300145,25.676046,-183.346496,103.132404,-1506.879014
-1025.879382,-23.667237,23.055417,-131.780294,297.938056,-1392.287454
-1023.992937,-23.850783,27.695052,-120.321138,-97.402826,-1524.067748
-1025.389926,-22.627143,25.257969,-63.025358,-401.07046,-1432.3945
-1024.961652,-22.504779,24.707331,11.459156,166.157762,-1398.017032
-1023.319935,-22.994235,27.02205,28.64789,378.152148,-1312.073362
-1025.20638,-21.71961,21.597246,-137.509872,137.509872,-1357.909986
-1024.298847,-20.679516,24.217875,-85.94367,326.585946,-1249.048004
-1023.687027,-18.844056,26.043138,80.214092,-51.566202,-1392.287454
-1024.961652,-20.924244,26.165502,11.459156,-131.780294,-1455.312812
-1025.51229,-20.80188,23.422509,-211.994386,-378.152148,-1472.501546
-1024.604757,-20.312424,22.321233,-246.371854,509.932442,-1392.287454
-1024.237665,-21.841974,26.654958,-252.101432,-246.371854,-1426.664922
-1024.482393,-20.49597,25.380333,-252.101432,-68.754936,-1461.04239
-1023.809391,-22.137687,26.71614,-332.315524,-97.402826,-1443.853656
-1024.176483,-22.871871,25.196787,-492.743708,229.18312,-1306.343784
-1025.451108,-22.871871,23.361327,-97.402826,-401.07046,-1524.067748
-1025.267562,-22.443597,23.422509,-131.780294,211.994386,-1415.205766
-1024.849485,-23.055417,26.165502,-120.321138,-28.64789,-1443.853656
-1023.503481,-21.168972,25.4925,-246.371854,-435.447928,-1489.69028
-1025.022834,-21.046608,25.196787,-200.53523,-85.94367,-1415.205766
-1024.176483,-19.822968,24.707331,-80.214092,-80.214092,-1346.45083
-1024.115301,-19.88415,24.034329,-217.723964,-28.64789,-1375.09872
-1024.727121,-19.945332,24.279057,-131.780294,297.938056,-1375.09872
-1027.286568,-19.761786,23.116599,-63.025358,-166.157762,-1432.3945
-1024.115301,-19.394694,23.361327,-183.346496,-85.94367,-1398.017032
-1024.665939,-20.251242,22.871871,-103.132404,-103.132404,-1357.909986
-1024.237665,-20.863062,24.156693,-280.749322,-716.19725,-1638.659308
-1025.51229,-21.903156,22.565961,-177.616918,177.616918,-1380.828298
-1024.421211,-22.137687,24.952059,-194.805652,-45.836624,-1455.312812
-1024.237665,-21.597246,22.810689,-11.459156,-297.938056,-1472.501546
-1024.604757,-21.597246,21.597246,-252.101432,211.994386,-1357.909986
-1023.687027,-20.80188,25.074423,-137.509872,-532.850754,-1546.98606
-1025.084016,-22.086702,23.177781,-166.157762,80.214092,-1392.287454
-1024.176483,-19.333512,23.606055,120.321138,-527.121176,-1472.501546
-1023.931755,-20.312424,24.217875,-131.780294,-286.4789,-1529.797326
-1025.879382,-20.373606,23.238963,-280.749322,-229.18312,-1432.3945
-1023.197571,-20.618334,25.920774,-166.157762,183.346496,-1375.09872
-1024.543575,-19.88415,23.300145,-137.509872,-148.969028,-1346.45083
-1023.992937,-19.088784,24.646149,-166.157762,-446.907084,-1426.664922
-1025.8182,-19.88415,20.373606,-183.346496,229.18312,-1312.073362
-1024.788303,-20.924244,21.352518,-360.963414,303.667634,-1323.532518
-1024.665939,-21.536064,23.055417,-17.188734,-200.53523,-1495.419858
-1023.625845,-22.382415,22.321233,120.321138,-97.402826,-1506.879014
-1025.328744,-22.137687,21.536064,-217.723964,366.692992,-1294.884628
-1024.849485,-22.260051,20.679516,-194.805652,45.836624,-1443.853656
-1024.543575,-20.863062,22.260051,-154.698606,-349.504258,-1443.853656
-1023.258753,-20.557152,24.890877,-217.723964,-120.321138,-1443.853656
-1024.421211,-18.905238,20.80188,-246.371854,-34.377468,-1346.45083
-1024.360029,-19.211148,21.536064,-148.969028,-11.459156,-1375.09872
-1024.788303,-18.670707,20.863062,-80.214092,-194.805652,-1426.664922
-1024.604757,-20.312424,21.597246,-103.132404,-229.18312,-1495.419858
-1024.788303,-18.303615,20.985426,-137.509872,-34.377468,-1375.09872
-1026.43002,-19.27233,20.373606,-177.616918,-120.321138,-1398.017032
-1024.604757,-18.844056,22.260051,-183.346496,-148.969028,-1380.828298
-1025.267562,-19.149966,21.046608,-194.805652,-366.692992,-1541.256482
-1024.604757,-21.352518,21.230154,-229.18312,349.504258,-1392.287454
-1024.298847,-22.086702,22.321233,-166.157762,-120.321138,-1524.067748
-1025.084016,-21.658428,21.780792,-200.53523,-148.969028,-1529.797326
-1025.328744,-21.230154,19.517058,-166.157762,-51.566202,-1426.664922
-1024.665939,-21.230154,22.382415,-315.12679,-131.780294,-1443.853656
-1024.961652,-19.700604,21.841974,-137.509872,-183.346496,-1472.501546
-1024.788303,-19.945332,21.352518,-166.157762,-85.94367,-1392.287454
-1024.298847,-18.670707,22.504779,-166.157762,-45.836624,-1363.639564
-1025.389926,-20.312424,22.504779,-183.346496,17.188734,-1443.853656
-1024.421211,-20.679516,23.422509,-131.780294,17.188734,-1357.909986
-1024.849485,-19.333512,22.086702,-177.616918,-584.416956,-1529.797326
-1023.809391,-20.312424,22.137687,-183.346496,-114.59156,-1398.017032
-1025.022834,-20.679516,21.903156,-148.969028,63.025358,-1432.3945
-1024.788303,-21.658428,22.810689,-177.616918,0,-1432.3945
-1025.20638,-22.260051,21.10779,-183.346496,-114.59156,-1472.501546
-1025.20638,-23.238963,22.260051,-166.157762,-17.188734,-1398.017032
-1025.389926,-21.4137,22.565961,-229.18312,217.723964,-1432.3945
-1026.001746,-20.985426,22.994235,-183.346496,366.692992,-1357.909986
-1023.625845,-20.251242,25.257969,-137.509872,-85.94367,-1415.205766
-1023.992937,-19.27233,22.871871,-234.912698,-378.152148,-1461.04239
-1024.482393,-19.027602,25.920774,-183.346496,-183.346496,-1432.3945
-1025.389926,-20.19006,21.230154,-148.969028,194.805652,-1346.45083
-1024.054119,-19.027602,21.964338,-166.157762,-11.459156,-1392.287454
-1023.075207,-19.88415,22.688325,-200.53523,-492.743708,-1461.04239
-1023.442299,-19.455876,21.780792,-63.025358,-280.749322,-1478.231124
-1024.849485,-19.822968,24.952059,-45.836624,-515.66202,-1472.501546
-1024.961652,-20.128878,23.177781,-148.969028,246.371854,-1426.664922
-1025.389926,-22.137687,24.646149,-154.698606,28.64789,-1455.312812
-1024.054119,-22.321233,23.116599,-131.780294,-183.346496,-1478.231124
-1024.115301,-22.382415,24.217875,-148.969028,-263.560588,-1506.879014
-1024.298847,-22.260051,21.597246,-211.994386,34.377468,-1398.017032
-1024.961652,-20.49597,23.667237,-114.59156,-211.994386,-1415.205766
-1023.870573,-20.006514,21.658428,-131.780294,-252.101432,-1461.04239
-1024.421211,-19.27233,22.994235,-154.698606,-85.94367,-1392.287454
-1025.573472,-20.251242,20.128878,-103.132404,-137.509872,-1415.205766
-1023.748209,-20.985426,23.238963,-194.805652,-177.616918,-1398.017032
-1025.940564,-20.49597,21.658428,-103.132404,-252.101432,-1455.312812
-1025.328744,-19.211148,23.544873,-120.321138,-383.881726,-1455.312812
-1026.12411,-20.067696,22.871871,-200.53523,28.64789,-1392.287454
-1024.727121,-20.49597,23.606055,-177.616918,34.377468,-1455.312812
-1023.992937,-21.10779,23.789601,-200.53523,103.132404,-1426.664922
-1024.604757,-22.443597,22.933053,-131.780294,-97.402826,-1478.231124
-1026.43002,-21.536064,21.597246,-120.321138,-120.321138,-1426.664922
-1025.940564,-22.810689,22.137687,-154.698606,200.53523,-1409.476188
-1025.8182,-21.536064,21.780792,-131.780294,120.321138,-1426.664922
-1026.001746,-20.434788,20.251242,-114.59156,-85.94367,-1426.664922
-1024.421211,-20.067696,22.504779,-51.566202,-137.509872,-1363.639564
-1026.613566,-18.905238,21.168972,-137.509872,-326.585946,-1392.287454
-1024.482393,-21.046608,24.584967,-103.132404,-229.18312,-1455.312812
-1025.389926,-19.149966,23.055417,-131.780294,-429.71835,-1461.04239
-1023.687027,-20.434788,25.013241,-154.698606,-11.459156,-1409.476188
-1025.634654,-19.639422,23.361327,-183.346496,-103.132404,-1432.3945
-1024.604757,-19.211148,22.994235,-148.969028,63.025358,-1432.3945
-1026.613566,-21.352518,23.055417,-114.59156,-280.749322,-1455.312812
-1026.980658,-22.443597,20.434788,-85.94367,-34.377468,-1478.231124
-1025.145198,-21.291336,20.924244,-148.969028,584.416956,-1346.45083
-1025.328744,-22.137687,21.658428,-114.59156,-532.850754,-1506.879014
-1025.695836,-23.177781,21.658428,-177.616918,97.402826,-1443.853656
-1024.360029,-21.046608,22.086702,-114.59156,-51.566202,-1409.476188
-1024.421211,-21.474882,24.523785,-154.698606,-80.214092,-1415.205766
-1023.809391,-20.312424,24.523785,-200.53523,97.402826,-1363.639564
-1025.267562,-22.086702,23.055417,-252.101432,-177.616918,-1426.664922
-1024.237665,-21.841974,24.340239,-137.509872,-332.315524,-1478.231124
-1024.665939,-19.88415,25.981956,-217.723964,-343.77468,-1443.853656
-1024.176483,-18.844056,23.116599,-154.698606,63.025358,-1415.205766
-1025.145198,-20.863062,22.321233,-194.805652,217.723964,-1380.828298
-1025.328744,-19.027602,23.544873,-148.969028,80.214092,-1415.205766
-1026.552384,-22.02552,23.055417,-120.321138,-131.780294,-1455.312812
-1024.665939,-21.964338,24.401421,-137.509872,315.12679,-1375.09872
-1024.360029,-21.903156,23.361327,-148.969028,-326.585946,-1506.879014
-1025.328744,-23.422509,23.300145,-131.780294,-34.377468,-1489.69028
-1025.8182,-21.230154,22.504779,-211.994386,45.836624,-1380.828298
-1024.482393,-21.291336,23.116599,-131.780294,166.157762,-1415.205766
-1025.084016,-20.679516,23.422509,-166.157762,-177.616918,-1489.69028
-1024.788303,-19.455876,20.557152,11.459156,297.938056,-1363.639564
-1025.451108,-22.198869,23.422509,-211.994386,-17.188734,-1461.04239
-1024.298847,-20.128878,23.544873,-137.509872,-246.371854,-1432.3945
-1024.849485,-19.639422,22.382415,-131.780294,-166.157762,-1380.828298
-1024.849485,-18.721692,21.903156,-137.509872,103.132404,-1409.476188
-1024.604757,-20.924244,26.41023,-120.321138,-446.907084,-1529.797326
-1024.604757,-19.57824,22.086702,-137.509872,80.214092,-1455.312812
-1024.727121,-20.679516,22.443597,-120.321138,-269.290166,-1398.017032
-1024.665939,-20.80188,22.871871,-114.59156,561.498644,-1357.909986
-1024.788303,-22.443597,24.707331,-97.402826,-28.64789,-1443.853656
-1025.51229,-21.780792,21.71961,-154.698606,11.459156,-1478.231124
-1024.961652,-23.116599,23.116599,-97.402826,-229.18312,-1529.797326
-1024.910667,-21.658428,23.667237,-85.94367,-343.77468,-1472.501546
-1025.389926,-21.841974,21.291336,-131.780294,-103.132404,-1461.04239
-1024.176483,-22.810689,23.850783,-148.969028,-246.371854,-1432.3945
-1022.952843,-22.086702,23.667237,-148.969028,-200.53523,-1443.853656
-1025.022834,-21.71961,20.434788,-131.780294,-51.566202,-1443.853656
-1025.634654,-20.740698,22.627143,-131.780294,-229.18312,-1426.664922
-1025.145198,-19.517058,22.565961,-80.214092,-779.222608,-1478.231124
-1024.788303,-19.761786,21.4137,-85.94367,17.188734,-1392.287454
-1024.727121,-19.517058,26.226684,-120.321138,45.836624,-1409.476188
-1024.360029,-21.352518,26.899686,-166.157762,-148.969028,-1461.04239
-1025.940564,-21.046608,23.055417,-194.805652,85.94367,-1524.067748
-1025.8182,-20.924244,22.382415,-177.616918,183.346496,-1455.312812
-1025.8182,-21.780792,24.034329,-131.780294,-229.18312,-1461.04239
-1025.757018,-21.4137,21.658428,-120.321138,-114.59156,-1472.501546
-1025.145198,-21.71961,22.933053,-17.188734,183.346496,-1409.476188
-1023.319935,-22.382415,21.291336,-211.994386,280.749322,-1375.09872
-1024.298847,-21.903156,23.238963,-85.94367,-194.805652,-1472.501546
-1025.145198,-21.658428,21.230154,-85.94367,-200.53523,-1506.879014
-1024.604757,-21.597246,23.606055,-131.780294,137.509872,-1432.3945
-1025.389926,-19.822968,23.238963,-80.214092,-498.473286,-1472.501546
-1024.961652,-19.88415,24.217875,-120.321138,-229.18312,-1398.017032
-1025.267562,-20.618334,22.810689,-148.969028,34.377468,-1409.476188
-1023.136389,-20.067696,24.768513,-114.59156,45.836624,-1415.205766
-1024.360029,-20.251242,21.841974,-103.132404,-464.095818,-1472.501546
-1025.634654,-20.067696,21.4137,-85.94367,-297.938056,-1461.04239
-1024.788303,-20.80188,21.658428,-114.59156,-217.723964,-1478.231124
-1026.185292,-21.964338,22.137687,-114.59156,-148.969028,-1426.664922
-1024.910667,-21.964338,22.321233,-137.509872,-229.18312,-1455.312812
-1025.20638,-22.382415,22.443597,-194.805652,97.402826,-1443.853656
-1024.665939,-21.71961,20.618334,-183.346496,63.025358,-1398.017032
-1025.145198,-22.627143,20.618334,-148.969028,34.377468,-1443.853656
-1025.573472,-22.198869,20.434788,-137.509872,-45.836624,-1443.853656
-1025.20638,-21.964338,22.504779,-131.780294,315.12679,-1415.205766
-1025.084016,-21.71961,23.728419,-177.616918,-286.4789,-1512.608592
-1025.389926,-20.251242,22.504779,-131.780294,85.94367,-1340.721252
-1025.328744,-18.782874,21.4137,-148.969028,200.53523,-1409.476188
-1025.267562,-19.88415,24.095511,-177.616918,-28.64789,-1398.017032
-1025.145198,-19.088784,22.565961,-148.969028,-120.321138,-1432.3945
-1025.573472,-18.96642,19.517058,-103.132404,34.377468,-1409.476188
-1026.613566,-20.740698,22.565961,-154.698606,-63.025358,-1426.664922
-1024.788303,-21.536064,22.443597,-148.969028,-103.132404,-1432.3945
-1026.246474,-20.80188,19.88415,-154.698606,177.616918,-1346.45083
-1024.788303,-20.985426,20.557152,-154.698606,-137.509872,-1461.04239
-1025.695836,-21.10779,21.841974,-114.59156,-34.377468,-1392.287454
-1024.482393,-21.168972,22.086702,-166.157762,68.754936,-1409.476188
-1023.319935,-22.321233,23.361327,-194.805652,-234.912698,-1529.797326
-1025.451108,-21.903156,22.443597,-177.616918,177.616918,-1392.287454
-1023.992937,-21.658428,20.434788,-148.969028,137.509872,-1392.287454
-1024.543575,-20.618334,21.291336,-137.509872,28.64789,-1363.639564
-1025.695836,-19.945332,20.19006,-103.132404,-103.132404,-1380.828298
-1026.062928,-19.333512,19.700604,-120.321138,148.969028,-1363.639564
-1025.8182,-19.822968,20.067696,-131.780294,-11.459156,-1340.721252
-1025.145198,-20.251242,18.844056,-177.616918,584.416956,-1260.50716
-1024.961652,-21.780792,20.251242,-80.214092,-68.754936,-1461.04239
-1024.961652,-20.128878,19.517058,-103.132404,-51.566202,-1432.3945
-1024.849485,-19.88415,21.71961,-148.969028,-177.616918,-1524.067748
-1025.20638,-20.312424,21.903156,-217.723964,-97.402826,-1495.419858
-1025.145198,-21.474882,22.137687,-194.805652,-80.214092,-1415.205766
-1023.625845,-22.810689,22.02552,-103.132404,-343.77468,-1541.256482
-1024.604757,-22.198869,20.924244,-154.698606,-137.509872,-1432.3945
-1023.687027,-21.230154,21.291336,-114.59156,-349.504258,-1506.879014
-1025.267562,-21.352518,21.291336,-137.509872,-435.447928,-1489.69028
-1025.267562,-19.88415,20.80188,-177.616918,194.805652,-1398.017032
-1024.961652,-19.57824,20.618334,-148.969028,-148.969028,-1432.3945
-1025.328744,-18.548343,19.822968,-137.509872,0,-1443.853656
-1025.145198,-18.120069,20.740698,-97.402826,-80.214092,-1375.09872
-1027.04184,-20.557152,20.312424,-114.59156,-11.459156,-1426.664922
-1025.51229,-20.373606,19.211148,-80.214092,85.94367,-1409.476188
-1025.145198,-20.434788,20.434788,-103.132404,34.377468,-1443.853656
-1025.51229,-19.57824,19.88415,-51.566202,-154.698606,-1432.3945
-1025.573472,-21.230154,21.10779,45.836624,-509.932442,-1455.312812
-1025.267562,-20.924244,20.373606,-137.509872,217.723964,-1426.664922
-1024.604757,-21.4137,22.02552,-114.59156,-481.284552,-1546.98606
-1024.849485,-20.863062,20.618334,-68.754936,-395.340882,-1524.067748
-1024.482393,-20.924244,20.985426,-148.969028,-550.039488,-1524.067748
-1024.237665,-20.80188,21.474882,-114.59156,-45.836624,-1455.312812
-1024.176483,-19.333512,22.02552,-137.509872,120.321138,-1409.476188
-1024.482393,-18.058887,22.260051,-80.214092,-349.504258,-1432.3945
-1023.931755,-18.548343,21.10779,-103.132404,0,-1392.287454
-1024.421211,-20.251242,22.443597,-120.321138,-154.698606,-1415.205766
-1024.298847,-20.434788,20.740698,-80.214092,-532.850754,-1506.879014
-1023.870573,-21.230154,20.128878,-68.754936,-332.315524,-1478.231124
-1024.421211,-18.425979,21.168972,-166.157762,97.402826,-1432.3945
-1026.307656,-19.822968,20.49597,-120.321138,-114.59156,-1443.853656
-1024.482393,-21.046608,24.095511,-280.749322,-429.71835,-1512.608592
-1024.360029,-22.137687,23.728419,-211.994386,63.025358,-1478.231124
-1024.604757,-21.10779,22.086702,-194.805652,68.754936,-1432.3945
-1023.381117,-21.841974,23.483691,-194.805652,68.754936,-1489.69028
-1024.604757,-21.474882,21.352518,-177.616918,-200.53523,-1443.853656
-1023.992937,-19.517058,20.006514,-148.969028,68.754936,-1432.3945
-1023.992937,-20.067696,23.422509,-211.994386,137.509872,-1375.09872
-1022.952843,-19.761786,22.933053,-229.18312,28.64789,-1461.04239
-1023.870573,-19.88415,21.71961,-137.509872,154.698606,-1392.287454
-1024.604757,-19.57824,20.740698,-177.616918,103.132404,-1380.828298
-1025.8182,-20.312424,19.822968,-97.402826,114.59156,-1455.312812
-1025.084016,-20.618334,20.19006,-154.698606,229.18312,-1346.45083
-1024.482393,-19.57824,20.557152,-103.132404,-252.101432,-1415.205766
-1024.482393,-20.618334,22.994235,-114.59156,-97.402826,-1409.476188
-1024.054119,-19.57824,21.10779,-97.402826,-137.509872,-1478.231124
-1023.625845,-20.557152,19.945332,-97.402826,-85.94367,-1455.312812
-1023.319935,-21.291336,21.291336,-103.132404,-280.749322,-1489.69028
-1024.360029,-21.536064,21.658428,-120.321138,-464.095818,-1478.231124
-1024.421211,-22.260051,21.964338,-177.616918,-246.371854,-1455.312812
-1022.952843,-21.291336,23.483691,-200.53523,-303.667634,-1461.04239
-1023.075207,-19.822968,23.361327,-200.53523,-326.585946,-1506.879014
-1023.503481,-19.57824,24.340239,-326.585946,-131.780294,-1489.69028
-1023.625845,-19.211148,22.198869,-177.616918,-263.560588,-1455.312812
-1024.961652,-18.242433,23.055417,-137.509872,-68.754936,-1380.828298
-1024.482393,-20.557152,22.627143,-194.805652,-51.566202,-1524.067748
-1024.849485,-20.006514,21.780792,-194.805652,34.377468,-1375.09872
-1024.604757,-19.57824,20.863062,-194.805652,286.4789,-1357.909986
-1025.8182,-20.740698,22.321233,-211.994386,280.749322,-1415.205766
-1024.961652,-20.740698,20.251242,-183.346496,234.912698,-1409.476188
-1023.564663,-21.352518,23.300145,-97.402826,11.459156,-1478.231124
-1023.687027,-21.71961,22.749507,-114.59156,-332.315524,-1541.256482
-1025.451108,-22.260051,21.046608,-154.698606,-429.71835,-1478.231124
-1024.604757,-21.168972,20.557152,-103.132404,-194.805652,-1455.312812
-1024.360029,-19.700604,23.238963,-97.402826,-137.509872,-1380.828298
-1025.20638,-19.57824,22.086702,-131.780294,-744.84514,-1461.04239
-1025.51229,-19.088784,22.688325,-114.59156,-515.66202,-1461.04239
-1025.389926,-19.333512,20.128878,-103.132404,80.214092,-1363.639564
-1025.20638,-19.761786,20.924244,-131.780294,-114.59156,-1415.205766
-1025.20638,-18.844056,22.02552,-154.698606,-211.994386,-1415.205766
-1024.482393,-20.863062,26.287866,-429.71835,-744.84514,-1546.98606
-1025.328744,-20.006514,20.128878,-131.780294,97.402826,-1375.09872
-1024.115301,-21.352518,25.676046,-166.157762,-154.698606,-1478.231124
-1024.360029,-21.536064,22.321233,-80.214092,34.377468,-1455.312812
-1024.543575,-21.71961,20.067696,-80.214092,-183.346496,-1506.879014
-1024.849485,-20.006514,19.088784,-217.723964,263.560588,-1340.721252
-1023.197571,-22.02552,22.086702,-177.616918,-154.698606,-1512.608592
-1024.910667,-20.863062,22.994235,-63.025358,-578.687378,-1558.445216
-1024.665939,-19.822968,22.198869,-51.566202,-326.585946,-1495.419858
-1023.748209,-19.027602,23.850783,-63.025358,80.214092,-1398.017032
-1024.237665,-19.88415,22.086702,-80.214092,28.64789,-1426.664922
-1024.115301,-19.455876,24.034329,-80.214092,-297.938056,-1455.312812
-1024.360029,-19.945332,24.217875,-85.94367,-211.994386,-1461.04239
-1024.421211,-18.364797,23.422509,-137.509872,80.214092,-1380.828298
-1025.084016,-19.945332,23.606055,-131.780294,28.64789,-1472.501546
-1024.421211,-20.128878,22.688325,-80.214092,-326.585946,-1461.04239
-1026.43002,-20.19006,20.006514,-131.780294,252.101432,-1346.45083
-1024.176483,-20.863062,22.260051,-85.94367,-252.101432,-1506.879014
-1024.298847,-22.382415,23.177781,0,-464.095818,-1512.608592
-1025.757018,-22.02552,22.02552,-11.459156,-360.963414,-1512.608592
-1024.543575,-22.086702,20.985426,-85.94367,-177.616918,-1489.69028
-1024.115301,-21.046608,24.217875,-85.94367,-114.59156,-1472.501546
-1023.503481,-20.006514,21.780792,-154.698606,-17.188734,-1415.205766
-1024.665939,-19.517058,22.382415,-97.402826,-63.025358,-1443.853656
-1024.604757,-20.006514,23.728419,-80.214092,-183.346496,-1415.205766
-1024.910667,-19.945332,21.046608,-97.402826,34.377468,-1432.3945
-1024.298847,-18.905238,21.780792,-103.132404,-166.157762,-1409.476188
-1024.665939,-18.670707,21.230154,-97.402826,-211.994386,-1432.3945
-1025.328744,-20.557152,21.964338,-85.94367,-366.692992,-1478.231124
-1024.727121,-21.230154,21.597246,-131.780294,-343.77468,-1564.174794
-1025.328744,-20.740698,22.871871,-137.509872,-246.371854,-1455.312812
-1024.665939,-21.597246,20.067696,-177.616918,80.214092,-1432.3945
-1025.8182,-21.71961,19.27233,-137.509872,401.07046,-1346.45083
-1024.298847,-21.964338,19.945332,-148.969028,137.509872,-1415.205766
-1024.482393,-20.49597,21.046608,-131.780294,-378.152148,-1472.501546
-1024.604757,-19.455876,20.740698,-131.780294,-177.616918,-1432.3945
-1024.360029,-20.373606,23.116599,-154.698606,34.377468,-1392.287454
-1025.8182,-19.027602,21.230154,-103.132404,-303.667634,-1432.3945
-1026.307656,-19.27233,21.4137,1323.532518,-2056.918502,-1065.701508
-1005.689322,-18.487161,195.445899,-584.416956,-830.78881,-1610.011418
-1009.105317,-17.508249,184.46373,80.214092,395.340882,-1409.476188
-1008.615861,-15.733971,183.362454,378.152148,1953.786098,-1312.073362
-1011.5424,-20.067696,177.01992,-286.4789,-80.214092,-1306.343784
-1008.799407,-19.761786,183.790728,11.459156,343.77468,-1541.256482
-1008.677043,-16.957611,183.484818,114.59156,1042.783196,-1392.287454
-1007.76951,-17.569431,179.395821,97.402826,315.12679,-1409.476188
-1006.54587,-17.569431,185.615991,-11.459156,-550.039488,-1380.828298
-1009.961865,-16.468155,180.803007,211.994386,-962.569104,-1312.073362
-1010.573685,-15.19353,179.151093,-492.743708,635.983158,-1495.419858
-1009.717137,-18.364797,177.815286,211.994386,-974.02826,-1380.828298
-1010.084229,-17.141157,179.701731,97.402826,-681.819782,-1363.639564
-1008.248769,-19.211148,183.301272,137.509872,-2440.800228,-1426.664922
-1007.341236,-16.835247,183.974274,-452.636662,-2492.36643,-1512.608592
-1008.371133,-19.333512,185.493627,-349.504258,-1163.104334,-1495.419858
-1006.607052,-16.835247,187.145541,-315.12679,63.025358,-1524.067748
-1006.85178,-17.936523,190.806264,120.321138,-303.667634,-1375.09872
-1005.505776,-17.936523,186.961995,-446.907084,-51.566202,-1506.879014
-1006.056414,-16.468155,190.745082,-80.214092,383.881726,-1455.312812
-1007.15769,-16.529337,190.806264,51.566202,-1673.036776,-1329.262096
-1008.982953,-15.071166,184.953186,-366.692992,567.228222,-1472.501546
-1005.138684,-15.366879,191.234538,11.459156,137.509872,-1380.828298
-1005.261048,-15.978699,190.194444,-527.121176,-120.321138,-1409.476188
-1010.023047,-17.202339,181.781919,-85.94367,97.402826,-1329.262096
-1009.717137,-17.447067,181.781919,-343.77468,618.794424,-1409.476188
-1010.023047,-18.844056,180.864189,-11.459156,899.543746,-1478.231124
-1010.696049,-19.027602,176.652828,-177.616918,928.191636,-1524.067748
-1009.961865,-18.181251,176.285736,-166.157762,974.02826,-1524.067748
-1008.799407,-16.957611,176.71401,-11.459156,148.969028,-1461.04239
-1010.206593,-17.385885,176.897556,-315.12679,647.442314,-1575.63395
-1008.432315,-17.997705,182.689452,-120.321138,-349.504258,-1443.853656
-1008.615861,-19.455876,179.640549,-246.371854,-1283.425472,-1495.419858
-1009.839501,-17.569431,180.435915,-315.12679,-17.188734,-1455.312812
-1008.065223,-14.153436,185.07555,-148.969028,-366.692992,-1443.853656
-1009.839501,-16.529337,179.824095,-45.836624,544.30991,-1392.287454
-1007.524782,-13.847526,184.708458,-97.402826,120.321138,-1340.721252
-1008.065223,-16.039881,184.953186,-435.447928,-550.039488,-1461.04239
-1006.85178,-18.303615,184.76964,-11.459156,-584.416956,-1415.205766
-1009.288863,-18.425979,179.395821,103.132404,-383.881726,-1478.231124
-1008.309951,-19.088784,182.995362,-710.467672,859.4367,-1673.036776
-1009.350045,-22.260051,185.371263,-366.692992,658.90147,-1627.200152
-1008.493497,-16.101063,184.402548,-297.938056,865.166278,-1472.501546
-1008.371133,-17.141157,181.292463,68.754936,-200.53523,-1478.231124
-1008.248769,-16.039881,182.444724,-297.938056,784.952186,-1426.664922
-1009.655955,-16.223427,178.121196,269.290166,865.166278,-1415.205766
-1010.573685,-17.263521,177.203466,-234.912698,131.780294,-1489.69028
-1009.655955,-14.765256,179.028729,-17.188734,899.543746,-1489.69028
-1011.246687,-16.651701,175.429188,-97.402826,1363.639564,-1489.69028
-1008.799407,-16.345791,182.62827,34.377468,-481.284552,-1392.287454
-1011.307869,-15.672789,173.787471,-97.402826,-97.402826,-1398.017032
-1009.166499,-15.132348,178.967547,-303.667634,544.30991,-1461.04239
-1007.585964,-16.468155,182.444724,68.754936,-1065.701508,-1346.45083
-1009.778319,-16.651701,176.836374,11.459156,-996.946572,-1455.312812
-1009.288863,-18.303615,178.784001,-194.805652,194.805652,-1478.231124
-1010.023047,-18.548343,179.395821,-51.566202,-928.191636,-1455.312812
-1010.451321,-17.018793,175.979826,-177.616918,229.18312,-1461.04239
-1007.341236,-15.071166,181.292463,-315.12679,378.152148,-1432.3945
-1007.708328,-14.520528,184.341366,34.377468,-1260.50716,-1375.09872
-1009.778319,-17.079975,178.478091,286.4789,-647.442314,-1294.884628
-1009.961865,-15.795153,177.754104,-297.938056,1375.09872,-1443.853656
-1006.790598,-14.642892,185.983083,34.377468,-727.656406,-1363.639564
-1007.708328,-14.336982,180.619461,-97.402826,-996.946572,-1461.04239
-1008.677043,-15.428061,179.640549,-280.749322,613.064846,-1461.04239
-1007.830692,-19.394694,183.607182,-246.371854,859.4367,-1512.608592
-1008.493497,-16.712883,181.894086,-269.290166,544.30991,-1495.419858
-1008.554679,-15.132348,182.32236,-200.53523,1455.312812,-1512.608592
-1008.799407,-16.162245,176.591646,234.912698,-996.946572,-1489.69028
-1011.307869,-19.27233,174.644019,-177.616918,1059.97193,-1529.797326
-1009.350045,-15.305697,178.427106,-315.12679,974.02826,-1581.363528
-1008.554679,-15.550425,180.313551,-103.132404,-595.876112,-1415.205766
-1009.411227,-16.101063,177.93765,-332.315524,246.371854,-1478.231124
-1009.594773,-15.009984,182.32236,-630.25358,1329.262096,-1472.501546
-1008.799407,-14.88762,179.640549,-263.560588,200.53523,-1398.017032
-1008.982953,-14.948802,178.24356,-154.698606,962.569104,-1478.231124
-1007.891874,-14.826438,184.892004,-280.749322,1226.129692,-1495.419858
-1008.309951,-13.480434,179.640549,148.969028,-326.585946,-1323.532518
-1008.493497,-14.88762,181.537191,-217.723964,1277.695894,-1478.231124
-1008.371133,-16.835247,183.301272,-217.723964,-830.78881,-1426.664922
-1009.166499,-16.957611,175.49037,-131.780294,-401.07046,-1426.664922
-1010.573685,-17.936523,175.429188,-286.4789,343.77468,-1558.445216
-1008.187587,-18.721692,180.619461,-515.66202,1357.909986,-1621.470574
-1011.063141,-18.548343,175.735098,-383.881726,1375.09872,-1512.608592
-1008.677043,-16.162245,178.182378,-246.371854,1558.445216,-1575.63395
-1008.187587,-14.520528,180.252369,-17.188734,916.73248,-1409.476188
-1007.942859,-14.704074,181.414827,51.566202,-796.411342,-1357.909986
-1008.615861,-14.58171,176.958738,-234.912698,446.907084,-1426.664922
-1008.309951,-14.214618,178.427106,-51.566202,498.473286,-1363.639564
-1010.084229,-15.428061,177.63174,263.560588,-45.836624,-1266.236738
-1010.573685,-15.550425,176.10219,-51.566202,716.19725,-1380.828298
-1009.594773,-19.088784,179.762913,-498.473286,2074.107236,-1564.174794
-1008.982953,-15.672789,177.264648,97.402826,1243.318426,-1380.828298
-1012.521312,-17.324703,173.726289,-229.18312,1082.890242,-1529.797326
-1012.15422,-18.058887,172.196739,-326.585946,1695.955088,-1621.470574
-1010.940777,-17.630613,172.441467,-63.025358,733.385984,-1495.419858
-1009.472409,-17.385885,176.652828,-263.560588,727.656406,-1512.608592
-1009.717137,-15.917517,171.768465,68.754936,366.692992,-1415.205766
-1011.787128,-15.428061,173.971017,-166.157762,194.805652,-1432.3945
-1009.044135,-14.031072,180.007641,-11.459156,-527.121176,-1283.425472
-1007.585964,-14.398164,180.986553,45.836624,-1323.532518,-1357.909986
-1008.309951,-15.132348,180.374733,-154.698606,-194.805652,-1392.287454
-1005.750504,-14.58171,184.953186,-263.560588,-1008.405728,-1375.09872
-1007.708328,-15.672789,183.974274,-97.402826,-532.850754,-1432.3945
-1010.512503,-16.406973,179.395821,-183.346496,446.907084,-1489.69028
-1007.218872,-17.875341,183.423636,-435.447928,1627.200152,-1558.445216
-1008.187587,-19.27233,178.304742,154.698606,-1145.9156,-1443.853656
-1012.337766,-19.333512,172.869741,-395.340882,1896.490318,-1598.552262
-1009.166499,-17.508249,181.781919,-343.77468,2045.459346,-1506.879014
-1009.839501,-15.795153,177.815286,177.616918,-1283.425472,-1346.45083
-1011.358854,-14.092254,170.310294,166.157762,859.4367,-1363.639564
-1010.390139,-15.071166,174.705201,-68.754936,303.667634,-1443.853656
-1010.390139,-14.520528,176.10219,-45.836624,1363.639564,-1306.343784
-1009.288863,-16.223427,183.117726,-68.754936,-515.66202,-1392.287454
-1009.105317,-15.132348,180.803007,-194.805652,-630.25358,-1478.231124
-1008.738225,-17.202339,185.07555,-200.53523,515.66202,-1461.04239
-1004.649228,-14.704074,191.723994,-11.459156,-1283.425472,-1415.205766
-1009.166499,-16.101063,183.729546,177.616918,-1913.679052,-1340.721252
-1007.708328,-16.468155,189.15435,80.214092,-1581.363528,-1329.262096
-1005.383412,-15.733971,196.59816,-114.59156,-1375.09872,-1426.664922
-1004.771592,-16.468155,197.51589,-120.321138,-1226.129692,-1455.312812
-1006.362324,-16.406973,195.558066,-383.881726,498.473286,-1443.853656
-1005.383412,-16.406973,193.488075,68.754936,-2904.896046,-1357.909986
-1006.729416,-14.642892,192.325617,103.132404,-1787.628336,-1312.073362
-1006.607052,-14.642892,193.488075,-28.64789,-412.529616,-1426.664922
-1005.199866,-14.214618,199.402335,-332.315524,676.090204,-1443.853656
-1005.383412,-13.602798,199.708245,34.377468,-584.416956,-1443.853656
-1002.518055,-13.908708,206.540235,-280.749322,-194.805652,-1426.664922
-1002.885147,-14.153436,204.65379,211.994386,-2486.636852,-1323.532518
-1005.811686,-16.651701,202.940694,137.509872,-2543.932632,-1294.884628
-1005.261048,-14.459346,202.757148,-68.754936,-1346.45083,-1443.853656
-1002.640419,-15.009984,206.479053,-97.402826,-481.284552,-1512.608592
-1005.811686,-17.079975,202.267692,-263.560588,177.616918,-1564.174794
-1003.925241,-13.66398,207.396783,-194.805652,-200.53523,-1472.501546
-1001.967417,-14.642892,210.56805,-297.938056,-544.30991,-1357.909986
-1002.946329,-14.948802,210.139776,-303.667634,-813.600076,-1283.425472
-1003.007511,-12.74625,212.515677,-527.121176,211.994386,-1226.129692
-1002.823965,-13.113342,213.616953,-464.095818,-469.825396,-1111.538132
-1005.689322,-12.685068,205.326792,418.259194,-1907.949474,-1283.425472
-1002.518055,-14.153436,213.984045,-326.585946,532.850754,-1398.017032
-999.958608,-12.501522,219.592395,166.157762,-2394.963604,-1323.532518
-1001.416779,-14.520528,216.054036,80.214092,-1392.287454,-1375.09872
-999.775062,-12.868614,221.183127,-229.18312,-1014.135306,-1346.45083
-1001.845053,-14.2758,218.807226,-802.14092,-699.008516,-1191.752224
-1004.353515,-13.541616,210.445686,-550.039488,-194.805652,-1489.69028
-1001.661507,-13.66398,215.87049,-45.836624,234.912698,-1472.501546
-1000.876338,-13.725162,220.204215,395.340882,-1025.594462,-1380.828298
-998.857332,-10.982169,223.253118,-131.780294,-630.25358,-1323.532518
-1000.753974,-12.44034,223.130754,68.754936,-154.698606,-1426.664922
-1002.150963,-14.092254,220.999581,-343.77468,1976.70441,-1655.848042
-999.10206,-9.146709,225.639216,-532.850754,1610.011418,-1524.067748
-1002.518055,-13.96989,218.195406,229.18312,-1100.078976,-1506.879014
-1003.558149,-12.195612,214.840593,-464.095818,2091.29597,-1695.955088
-1002.028599,-11.532807,216.849402,-527.121176,1896.490318,-1707.414244
-1002.701601,-12.807432,216.78822,-269.290166,148.969028,-1592.822684
-1002.885147,-14.214618,213.800499,-252.101432,326.585946,-1707.414244
-1004.169969,-13.480434,212.464692,234.912698,-1266.236738,-1380.828298
-1000.3257,-10.737441,216.115218,11.459156,360.963414,-1392.287454
-999.40797,-11.410443,222.70248,-68.754936,137.509872,-1346.45083
-1001.121066,-12.868614,219.592395,80.214092,-1208.940958,-1375.09872
-1001.967417,-11.838717,219.959487,-263.560588,-469.825396,-1283.425472
-999.652698,-11.593989,220.020669,97.402826,-1243.318426,-1191.752224
-1000.570428,-12.012066,217.950678,-217.723964,234.912698,-1357.909986
-1002.395691,-12.868614,218.440134,-263.560588,412.529616,-1529.797326
-1002.028599,-12.44034,220.020669,-303.667634,97.402826,-1380.828298
-1001.233233,-12.685068,221.489037,-137.509872,-114.59156,-1455.312812
-1000.203336,-11.716353,219.347667,137.509872,-1638.659308,-1357.909986
-1003.986423,-13.786344,217.522404,-360.963414,916.73248,-1558.445216
-1000.080972,-12.13443,221.489037,-63.025358,183.346496,-1512.608592
-1001.416779,-13.174524,219.2355,137.509872,-1283.425472,-1312.073362
-1002.823965,-12.44034,212.036418,194.805652,-1610.011418,-1340.721252
-1000.876338,-10.920987,219.653577,-263.560588,-183.346496,-1266.236738
-1000.63161,-10.982169,219.408849,-326.585946,1031.32404,-1426.664922
-998.857332,-10.370349,222.162039,-492.743708,962.569104,-1541.256482
-999.40797,-11.349261,222.529131,-229.18312,693.278938,-1455.312812
-998.306694,-9.880893,223.436664,-492.743708,842.247966,-1409.476188
-1000.264518,-11.165715,219.174318,-263.560588,-131.780294,-1294.884628
-1001.233233,-11.349261,217.950678,-34.377468,-716.19725,-1398.017032
-999.530334,-10.553895,222.345585,131.780294,-1592.822684,-1283.425472
-1000.815156,-11.104533,220.204215,120.321138,-1844.924116,-1346.45083
-1001.294415,-12.195612,221.917311,-401.07046,80.214092,-1558.445216
-1000.998702,-12.13443,220.020669,-103.132404,-859.4367,-1461.04239
-999.10206,-12.990978,225.394488,-45.836624,-532.850754,-1340.721252
-1000.876338,-11.838717,221.244309,326.585946,-1163.104334,-1191.752224
-1000.080972,-12.256794,228.321027,-28.64789,-481.284552,-1363.639564
-997.276797,-10.920987,231.36993,80.214092,-996.946572,-1260.50716
-1000.203336,-10.982169,225.822762,211.994386,-962.569104,-1398.017032
-999.163242,-11.410443,231.614658,-360.963414,166.157762,-1575.63395
-998.061966,-10.492713,234.663561,131.780294,17.188734,-1598.552262
-996.297885,-11.471625,236.488824,211.994386,-280.749322,-1581.363528
-996.053157,-10.431531,241.556733,366.692992,-1644.388886,-1145.9156
-995.808429,-10.920987,243.259632,303.667634,-2710.090394,-1174.56349
-995.380155,-9.513801,241.556733,378.152148,-3122.62001,-1117.26771
-995.074245,-9.758529,243.381996,234.912698,-2704.360816,-1082.890242
-993.79962,-10.309167,249.184089,-286.4789,-51.566202,-1415.205766
-994.289076,-9.024345,248.633451,446.907084,-2658.524192,-1283.425472
-993.921984,-9.697347,247.470993,34.377468,-1827.735382,-1243.318426
-986.96763,-4.700817,266.926869,200.53523,-1822.005804,-1031.32404
-990.811899,-6.587262,261.624429,825.059232,-1025.594462,-1455.312812
-990.628353,-5.730714,258.208434,498.473286,-378.152148,-1506.879014
-992.943072,-6.709626,261.196155,269.290166,-481.284552,-1512.608592
-990.811899,-6.403716,261.257337,945.38037,-2309.019934,-1758.980446
-993.248982,-4.823181,257.045976,-532.850754,1988.163566,-1610.011418
-986.845266,-6.648444,270.954684,28.64789,-2572.580522,-1541.256482
-990.628353,-7.627356,264.00033,-401.07046,-366.692992,-1529.797326
-987.936345,-7.321446,270.893502,-435.447928,469.825396,-1673.036776
-990.505989,-8.300358,265.52988,-315.12679,-1925.138208,-1409.476188
-986.478174,-5.669532,274.125951,-658.90147,1231.85927,-1581.363528
-983.000997,-8.05563,282.732219,-85.94367,-1546.98606,-1415.205766
-983.673999,-5.067909,282.365127,80.214092,-1747.52129,-1025.594462
-984.948624,-4.700817,284.741028,-229.18312,-252.101432,-1329.262096
-983.796363,-3.415995,283.88448,-234.912698,-1346.45083,-1128.726866
-984.21444,-5.424804,286.576488,-401.07046,-51.566202,-1380.828298
-984.887442,-5.547168,288.401751,280.749322,-1993.893144,-1357.909986
-983.979909,-5.180076,284.251572,246.371854,-658.90147,-1266.236738
-981.287901,-3.966633,293.224932,-378.152148,1042.783196,-1346.45083
-980.44155,-1.886445,293.897934,-137.509872,-830.78881,-1231.85927
-983.612817,-4.027815,287.789931,177.616918,-1392.287454,-1329.262096
-984.703896,-4.700817,288.524115,11.459156,-280.749322,-1472.501546
-986.416992,-9.024345,285.10812,-80.214092,-928.191636,-1776.16918
-982.633905,-4.884363,289.747755,200.53523,974.02826,-1598.552262
-981.165537,-4.700817,292.980204,11.459156,-194.805652,-1598.552262
-980.013276,-2.681811,298.46619,-194.805652,-383.881726,-1312.073362
-979.21791,-3.783087,295.967925,-85.94367,-383.881726,-1180.293068
-979.462638,-4.761999,300.240468,-561.498644,1214.670536,-1432.3945
-980.074458,-4.761999,297.670824,-263.560588,762.033874,-1426.664922
-981.899721,-3.538359,292.123656,11.459156,-1472.501546,-1231.85927
-983.062179,-3.905451,289.503027,-63.025358,-252.101432,-1558.445216
-977.99427,-3.721905,302.004549,0,-429.71835,-1426.664922
-976.352553,-2.681811,304.145919,-11.459156,-1340.721252,-1191.752224
-977.810724,-3.232449,304.38045,45.836624,-1524.067748,-1231.85927
-979.340274,-3.171267,302.188095,45.836624,-1363.639564,-1340.721252
-979.707366,-3.048903,301.392729,-401.07046,779.222608,-1426.664922
-981.349083,-4.700817,296.702109,-85.94367,34.377468,-1575.63395
-982.695087,-7.199082,294.989013,-469.825396,601.60569,-1283.425472
-978.544908,-4.517271,304.99227,28.64789,-194.805652,-1375.09872
-979.034364,-4.394907,302.494005,383.881726,-784.952186,-1392.287454
-981.654993,-4.884363,298.7721,1128.726866,-2572.580522,-1558.445216
-978.667272,-2.314719,304.207101,-412.529616,1174.56349,-1524.067748
-977.443632,-1.346004,305.726454,-429.71835,-34.377468,-1443.853656
-980.44155,-3.110085,301.086819,-928.191636,-716.19725,-1042.783196
-977.99427,-2.253537,306.093546,-647.442314,618.794424,-1581.363528
-979.646184,-1.52955,305.175816,-217.723964,200.53523,-1558.445216
-980.074458,-3.477177,300.424014,-97.402826,166.157762,-1380.828298
-978.728454,-1.764081,301.453911,252.101432,-183.346496,-1678.766354
-982.022085,-3.844269,297.487278,28.64789,532.850754,-1564.174794
-979.156728,-3.660723,301.637457,-28.64789,343.77468,-1610.011418
-980.013276,-3.905451,301.637457,515.66202,-2257.453732,-1340.721252
-979.82973,-5.241258,302.371641,246.371854,-1890.76074,-1283.425472
-979.768548,-4.639635,302.922279,154.698606,-1925.138208,-1357.909986
-977.38245,-3.293631,305.848818,51.566202,-847.977544,-1214.670536
-974.884185,-1.886445,310.243725,-68.754936,-532.850754,-1340.721252
-975.496005,-3.048903,311.090076,-34.377468,-1426.664922,-1231.85927
-974.700639,-2.131173,313.35381,51.566202,-996.946572,-1541.256482
-974.823003,-2.008809,314.811981,-452.636662,1294.884628,-1495.419858
-975.128913,-1.825263,312.925536,-595.876112,1398.017032,-1610.011418
-979.340274,-2.314719,304.023555,-303.667634,148.969028,-1524.067748
-983.612817,-5.30244,294.621921,-446.907084,1713.143822,-1638.659308
-980.258004,-3.844269,299.934558,-595.876112,899.543746,-1455.312812
-976.536099,-2.314719,308.897721,-103.132404,527.121176,-1575.63395
-978.973182,-5.791896,299.628648,-97.402826,-229.18312,-1392.287454
-977.209101,-5.60835,306.583002,-217.723964,148.969028,-1380.828298
-980.859627,-4.945545,299.38392,-429.71835,1059.97193,-1610.011418
-979.279092,-2.865357,302.126913,-544.30991,2561.121366,-1724.602978
-981.287901,-5.118894,300.118104,-412.529616,1197.481802,-1432.3945
-980.380368,-4.517271,299.934558,-103.132404,435.447928,-1529.797326
-981.410265,-5.006727,297.069201,-45.836624,166.157762,-1340.721252
-981.532629,-4.211361,297.732006,-154.698606,779.222608,-1495.419858
-978.667272,-2.192355,303.534099,-280.749322,343.77468,-1409.476188
-979.585002,-4.456089,300.668742,166.157762,-825.059232,-1506.879014
-981.226719,-5.60835,301.943367,0,-515.66202,-1506.879014
-976.842009,-2.008809,307.979991,-297.938056,-893.814168,-1283.425472
-975.985461,-2.131173,310.610817,51.566202,-962.569104,-1323.532518
-977.38245,-3.783087,307.857627,166.157762,-1415.205766,-1506.879014
-977.209101,-4.027815,309.937815,-68.754936,-716.19725,-1409.476188
-977.504814,-3.966633,301.331547,286.4789,-211.994386,-1461.04239
-976.107825,-3.966633,306.82773,-464.095818,1243.318426,-1506.879014
-976.964373,-2.131173,304.207101,-401.07046,1844.924116,-1678.766354
-980.563914,-4.578453,298.7721,-349.504258,492.743708,-1478.231124
-980.074458,-3.415995,300.60756,-527.121176,962.569104,-1472.501546
-978.60609,-2.987721,303.901191,-97.402826,68.754936,-1357.909986
-980.074458,-4.333725,298.343826,-211.994386,412.529616,-1512.608592
-979.156728,-4.456089,302.677551,-154.698606,-928.191636,-1443.853656
-980.563914,-4.945545,299.934558,263.560588,-532.850754,-1541.256482
-982.022085,-5.30244,298.588554,-45.836624,103.132404,-1426.664922
-979.401456,-3.966633,303.472917,-246.371854,1008.405728,-1409.476188
-980.502732,-3.538359,302.738733,137.509872,-11.459156,-1489.69028
-980.502732,-4.761999,301.086819,-211.994386,515.66202,-1610.011418
-977.933088,-2.437083,303.840009,-246.371854,882.355012,-1472.501546
-976.780827,-2.498265,307.561914,-11.459156,-796.411342,-1346.45083
-974.333547,-2.437083,313.292628,-131.780294,-1048.512774,-1346.45083
-976.780827,-3.660723,307.796445,-11.459156,-750.574718,-1443.853656
-978.055452,-3.721905,307.735263,85.94367,-1231.85927,-1260.50716
-977.270283,-4.211361,308.469447,326.585946,-2543.932632,-1128.726866
-977.627178,-3.293631,304.625178,-68.754936,-979.757838,-1231.85927
-975.985461,-2.192355,308.958903,-177.616918,229.18312,-1398.017032
-976.536099,-2.681811,307.072458,-303.667634,498.473286,-1415.205766
-982.083267,-4.884363,297.375111,-51.566202,-17.188734,-1472.501546
-982.205631,-6.648444,296.579745,-120.321138,693.278938,-1558.445216
-979.82973,-2.926539,301.943367,-343.77468,217.723964,-1506.879014
-978.728454,-4.211361,306.338274,-263.560588,-332.315524,-1478.231124
-975.924279,-0.673002,306.460638,-418.259194,-750.574718,-779.222608
-978.361362,-3.232449,303.167007,137.509872,-813.600076,-1478.231124
-975.190095,-2.987721,309.509541,-97.402826,-750.574718,-1432.3945
-974.517093,-2.437083,312.191352,217.723964,-2320.47909,-1042.783196
-976.842009,-2.253537,304.931088,412.529616,-1862.11285,-1145.9156
-976.169007,-1.947627,310.121361,-750.574718,1810.546648,-1426.664922
-972.814194,-1.22364,317.626353,-85.94367,-601.60569,-1380.828298
-976.597281,-1.702899,310.427271,63.025358,-1340.721252,-1283.425472
-979.156728,-3.844269,305.420544,-532.850754,1478.231124,-1661.57762
-977.270283,-2.865357,308.591811,-45.836624,733.385984,-1592.822684
-978.973182,-4.150179,304.207101,-200.53523,-85.94367,-1558.445216
-979.52382,-4.027815,304.258086,-17.188734,-252.101432,-1380.828298
-979.585002,-4.088997,302.249277,183.346496,-366.692992,-1524.067748
-979.156728,-4.823181,304.68636,-200.53523,716.19725,-1524.067748
-976.352553,-4.761999,308.530629,383.881726,-1862.11285,-1489.69028
-978.30018,-4.088997,309.998997,-183.346496,561.498644,-1546.98606
-977.025555,-3.110085,310.366089,-349.504258,464.095818,-1610.011418
-977.147919,-4.761999,308.469447,464.095818,-2022.541034,-1266.236738
-978.055452,-3.538359,303.901191,17.188734,-532.850754,-1294.884628
-977.086737,-2.987721,307.256004,183.346496,-916.73248,-1380.828298
-976.474917,-3.171267,306.888912,80.214092,-733.385984,-1249.048004
-974.884185,-1.886445,312.803172,-515.66202,-11.459156,-1461.04239
-974.455911,-2.192355,313.476174,-446.907084,114.59156,-1340.721252
-977.38245,-3.477177,308.163537,332.315524,-1610.011418,-1306.343784
-971.407008,-0.122364,320.858802,120.321138,-1294.884628,-1140.186022
-975.740733,-2.987721,311.640714,252.101432,-2074.107236,-1363.639564
-975.679551,-1.346004,312.925536,120.321138,-1581.363528,-1226.129692
-976.413735,-2.375901,309.203631,-17.188734,-492.743708,-1380.828298
-979.279092,-6.158988,305.053452,-51.566202,-1546.98606,-1512.608592
-979.707366,-6.52608,298.710918,-166.157762,378.152148,-1472.501546
-978.361362,-5.30244,303.595281,-303.667634,847.977544,-1673.036776
-977.270283,-4.150179,306.277092,-429.71835,1455.312812,-1392.287454
-974.455911,-0.183546,313.231446,-446.907084,2056.918502,-1443.853656
-977.086737,-1.886445,309.448359,-584.416956,1323.532518,-1638.659308
-976.903191,-2.559447,303.778827,-263.560588,1117.26771,-1524.067748
-978.667272,-3.048903,302.922279,-332.315524,1249.048004,-1529.797326
-977.933088,-2.865357,304.38045,-154.698606,-183.346496,-1495.419858
-979.768548,-2.742993,304.023555,-45.836624,-315.12679,-1495.419858
-979.646184,-3.232449,304.145919,-80.214092,-97.402826,-1432.3945
-978.422544,-3.966633,302.004549,-148.969028,-326.585946,-1529.797326
-979.462638,-4.211361,303.840009,120.321138,-796.411342,-1489.69028
-980.686278,-5.363622,296.946837,-246.371854,498.473286,-1506.879014
-981.471447,-6.281352,297.436293,252.101432,68.754936,-1621.470574
-978.055452,-5.067909,303.472917,-326.585946,1323.532518,-1661.57762
-977.871906,-4.150179,301.209183,-183.346496,1478.231124,-1575.63395
-978.361362,-4.517271,303.105825,-744.84514,2543.932632,-1741.791712
-975.434823,-1.764081,308.469447,-194.805652,-378.152148,-1346.45083
-975.863097,-2.926539,307.011276,-148.969028,-842.247966,-1231.85927
-979.768548,-3.783087,297.915552,-85.94367,-286.4789,-1340.721252
-979.034364,-3.110085,300.30165,-326.585946,1082.890242,-1461.04239
-978.912,-2.559447,301.882185,-28.64789,-515.66202,-1312.073362
-978.789636,-3.966633,299.934558,229.18312,-635.983158,-1294.884628
-976.780827,-3.538359,305.848818,-263.560588,-395.340882,-1426.664922
-977.565996,-4.823181,307.194822,-11.459156,-681.819782,-1495.419858
-977.504814,-4.456089,304.319268,-114.59156,-194.805652,-1529.797326
-977.749542,-3.293631,306.460638,-429.71835,-51.566202,-1495.419858
-977.68836,-4.333725,304.084737,131.780294,-1524.067748,-1432.3945
-980.563914,-4.639635,297.487278,-68.754936,-452.636662,-1415.205766
-980.625096,-4.823181,297.793188,-595.876112,1804.81707,-1598.552262
-980.502732,-6.22017,298.7721,-882.355012,3202.834102,-1810.546648
-980.074458,-3.477177,300.424014,-63.025358,217.723964,-1375.09872
-979.279092,-3.599541,298.955646,-166.157762,-315.12679,-1329.262096
-979.279092,-3.599541,300.668742,-131.780294,246.371854,-1409.476188
-979.52382,-3.477177,300.903273,-103.132404,-103.132404,-1357.909986
-974.455911,-1.346004,314.934345,-137.509872,-1495.419858,-1249.048004
-977.443632,-2.987721,308.285901,229.18312,-2091.29597,-1277.695894
-975.924279,-2.987721,309.815451,-194.805652,-802.14092,-1357.909986
-979.095546,-4.333725,306.338274,120.321138,-1810.546648,-1363.639564
-976.291371,-4.272543,304.563996,-11.459156,-297.938056,-1472.501546
-978.177816,-5.118894,308.102355,-97.402826,-578.687378,-1478.231124
-976.107825,-2.742993,308.224719,217.723964,-1655.848042,-1392.287454
-977.504814,-6.158988,307.735263,194.805652,-1793.357914,-1443.853656
-975.740733,-3.966633,309.693087,343.77468,-2171.510062,-1226.129692
-977.68836,-3.477177,306.705366,303.667634,-1764.710024,-1266.236738
-975.557187,-2.069991,308.836539,63.025358,-2211.617108,-1100.078976
-976.291371,-1.886445,308.591811,-45.836624,-1340.721252,-1197.481802
-979.340274,-4.211361,305.481726,-11.459156,-1117.26771,-1249.048004
-980.380368,-3.660723,303.228189,-63.025358,-246.371854,-1426.664922
-981.716175,-4.823181,301.515093,-68.754936,452.636662,-1524.067748
-982.083267,-5.180076,297.313929,34.377468,-217.723964,-1478.231124
-982.756269,-5.118894,292.123656,63.025358,34.377468,-1558.445216
-982.878633,-6.464898,293.16375,85.94367,-252.101432,-1495.419858
-981.471447,-6.587262,296.151471,34.377468,-1082.890242,-1340.721252
-979.279092,-3.844269,300.60756,326.585946,-2394.963604,-1180.293068
-980.13564,-6.52608,297.375111,435.447928,-2704.360816,-1306.343784
-982.572723,-6.52608,294.020298,435.447928,-2257.453732,-1283.425472
-982.756269,-7.44381,291.450654,131.780294,-1208.940958,-1294.884628
-983.979909,-7.321446,291.144744,401.07046,-933.921214,-1243.318426
-981.287901,-5.485986,295.600833,-234.912698,-166.157762,-1346.45083
-979.952094,-3.783087,299.200374,-148.969028,68.754936,-1512.608592
-980.920809,-3.599541,294.193647,-464.095818,2039.729768,-1592.822684
-978.177816,-4.700817,304.563996,-360.963414,584.416956,-1541.256482
-977.443632,-5.180076,310.610817,252.101432,-2137.132594,-1409.476188
-976.536099,-5.363622,307.623096,332.315524,-2337.667824,-1226.129692
-977.627178,-5.067909,305.60409,131.780294,-1128.726866,-1329.262096
-975.312459,-4.578453,310.488453,464.095818,-2790.304486,-1260.50716
-977.504814,-3.721905,305.236998,263.560588,-1621.470574,-1231.85927
-979.340274,-5.485986,303.901191,68.754936,-710.467672,-1283.425472
-981.043173,-5.180076,294.927831,177.616918,-469.825396,-1346.45083
-981.899721,-7.810902,294.683103,11.459156,-51.566202,-1455.312812
-982.450359,-7.566174,292.735476,97.402826,-1277.695894,-1277.695894
-984.52035,-7.627356,289.197117,-366.692992,1558.445216,-1627.200152
-981.593811,-5.485986,296.090289,-796.411342,3254.400304,-1661.57762
-981.165537,-4.945545,299.38392,-446.907084,1959.515676,-1598.552262
-979.768548,-4.578453,301.209183,0,-177.616918,-1529.797326
-982.450359,-6.158988,292.919022,85.94367,635.983158,-1472.501546
-982.756269,-7.627356,297.252747,-280.749322,1644.388886,-1787.628336
-981.226719,-6.52608,296.212653,-28.64789,-120.321138,-1495.419858
-982.083267,-5.669532,295.906743,-452.636662,2584.039678,-1724.602978
-979.82973,-5.547168,301.025637,-315.12679,544.30991,-1558.445216
-982.205631,-7.260264,295.723197,103.132404,-979.757838,-1415.205766
-983.979909,-8.05563,293.836752,-269.290166,332.315524,-1443.853656
-981.165537,-6.403716,297.252747,-103.132404,211.994386,-1506.879014
-978.60609,-4.211361,298.221462,-114.59156,716.19725,-1495.419858
-976.719645,-3.110085,308.530629,-34.377468,664.631048,-1340.721252
-977.270283,-1.947627,307.072458,177.616918,-1495.419858,-1180.293068
-977.086737,-3.538359,305.848818,263.560588,-1478.231124,-1140.186022
-982.022085,-6.709626,297.313929,-45.836624,332.315524,-1575.63395
-978.912,-5.547168,305.114634,-383.881726,1443.853656,-1581.363528
-976.352553,-3.415995,309.631905,315.12679,-2125.673438,-1214.670536
-976.964373,-5.118894,305.848818,-45.836624,-618.794424,-1380.828298
-980.013276,-6.342534,303.228189,-148.969028,34.377468,-1592.822684
-977.209101,-4.700817,306.950094,-234.912698,-297.938056,-1455.312812
-974.394729,-1.947627,310.366089,217.723964,-2503.825586,-1100.078976
-980.859627,-5.485986,297.191565,-63.025358,-114.59156,-1380.828298
-974.333547,-3.538359,313.414992,-63.025358,-1621.470574,-1082.890242
-977.749542,-4.761999,305.175816,859.4367,-3288.777772,-1163.104334
-979.095546,-5.30244,299.99574,412.529616,-2309.019934,-1128.726866
-979.340274,-5.118894,298.710918,120.321138,-1598.552262,-1174.56349
-978.361362,-5.30244,303.411735,-45.836624,-784.952186,-1266.236738
-979.279092,-4.394907,301.025637,0,-1489.69028,-1174.56349
-980.196822,-4.394907,304.258086,-166.157762,114.59156,-1489.69028
-979.952094,-4.578453,300.056922,45.836624,-103.132404,-1564.174794
-979.401456,-5.791896,301.392729,234.912698,-681.819782,-1524.067748
-978.850818,-5.30244,302.432823,-68.754936,229.18312,-1489.69028
-976.903191,-5.006727,304.625178,11.459156,-676.090204,-1346.45083
-981.532629,-8.300358,297.130383,194.805652,-1426.664922,-1512.608592
-981.043173,-6.587262,296.457381,-418.259194,1312.073362,-1489.69028
-979.340274,-4.884363,302.616369,-154.698606,613.064846,-1363.639564
-982.327995,-5.853078,291.450654,-286.4789,1415.205766,-1495.419858
-981.287901,-4.884363,297.008019,-131.780294,515.66202,-1443.853656
-980.859627,-5.067909,291.695382,211.994386,-962.569104,-1294.884628
-986.416992,-7.321446,284.251572,527.121176,-796.411342,-1443.853656
-983.184543,-5.485986,290.604303,-63.025358,716.19725,-1506.879014
-983.857545,-5.363622,293.041386,246.371854,-1100.078976,-1455.312812
-985.43808,-7.933266,285.169302,-349.504258,911.002902,-1661.57762
-983.918727,-6.587262,291.878928,-550.039488,1970.974832,-1673.036776
-982.695087,-7.1379,291.32829,131.780294,-893.814168,-1489.69028
-984.397986,-7.627356,290.838834,-194.805652,567.228222,-1610.011418
-983.918727,-7.321446,291.94011,-114.59156,366.692992,-1495.419858
-983.490453,-6.709626,292.674294,-229.18312,859.4367,-1581.363528
-979.952094,-5.791896,299.934558,-332.315524,899.543746,-1489.69028
-979.21791,-5.118894,299.445102,-286.4789,1111.538132,-1472.501546
-977.810724,-3.538359,306.093546,-859.4367,3254.400304,-1661.57762
-978.789636,-5.067909,302.188095,-378.152148,1323.532518,-1546.98606
-980.319186,-4.578453,299.812194,-366.692992,1524.067748,-1512.608592
-981.349083,-3.660723,297.609642,-498.473286,2108.484704,-1512.608592
-980.258004,-5.424804,301.209183,-635.983158,2194.428374,-1581.363528
-979.034364,-3.293631,303.595281,-154.698606,51.566202,-1478.231124
-980.319186,-5.91426,302.371641,-194.805652,217.723964,-1415.205766
-979.340274,-5.853078,302.861097,-229.18312,527.121176,-1610.011418
-982.511541,-6.403716,294.866649,131.780294,-349.504258,-1581.363528
-983.796363,-8.422722,291.511836,-509.932442,1283.425472,-1713.143822
-980.319186,-5.853078,298.833282,-246.371854,893.814168,-1512.608592
-980.319186,-5.180076,300.546378,217.723964,-1329.262096,-1340.721252
-977.086737,-4.272543,302.861097,194.805652,-2303.290356,-1128.726866
-975.618369,-3.477177,305.420544,332.315524,-2876.248156,-962.569104
-980.319186,-3.783087,299.200374,280.749322,-2452.259384,-1111.538132
-978.238998,-4.456089,302.065731,114.59156,-1575.63395,-1191.752224
-979.585002,-5.180076,298.955646,246.371854,-1827.735382,-1214.670536
-984.21444,-7.199082,288.218205,1191.752224,-2967.921404,-1283.425472
